SMILES,activity,activity_minmax
CC1(C)[C@@H]2C[C@H]1C(=C)CC2,12.3,0.3670723894939142
COC(=O)C(C)OC1=CC=C(OC2=CC=C(Cl)C=C2Cl)C=C1,94.1,0.8910954516335682
CCCCCCCCCCCCCC(=O)OCC(O)CO,38.1,0.5323510570147342
CC(=O)O[C@@H]1C[C@@H]2CC[C@@]1(C)C2(C)C,11.8,0.3638693145419603
CCCCCCCCCC=CCC1CC(=O)OC1=O,98.4,0.9186418962203716
CCC/C=C/C=O,52.2,0.6226777706598334
CC1=NN(CO)C(C)=C1,32.8,0.4983984625240231
CC/C=C\CCOC(C)=O,14.0,0.3779628443305573
CCCCC/C=C\CCC=O,69.6,0.7341447789878283
C/C=C/C=C/CCCCCCCO,61.9,0.6848174247277387
OCCOC(=O)C(C)=C.C12C3C(C(C1)CC2)C=CC3,75.5,0.7719410634208841
C[C@H](CCO)CCC=C(C)C,38.8,0.5368353619474695
CC/C=C\CCO,19.0,0.4099935938500961
CC1=C(C)C(NC2=NC(SCC(O)=O)=NC(Cl)=C2)=CC=C1,94.3,0.8923766816143498
ClC(Cl)C(C1=CC=C(Cl)C=C1)C2=C(Cl)C=CC=C2,28.0,0.4676489429852658
CC1(C)N(CO)C(=O)NC1=O,3.9,0.31326073030108903
COC1=CC2=C(C=C1)N(C(=O)C3=CC=C(Cl)C=C3)C(C)=C2CC(O)=O,101.7,0.9397821909032672
CCO[Si](CCCNC(N)=O)(OCC)OCC,-29.5,0.09929532351057016
CC(O)CN,5.5,0.32351057014734147
CC1(C)N(Br)C(=O)N(Cl)C1=O,33.5,0.5028827674567585
FC(F)(F)C1=CC=C(Cl)C=C1,8.9,0.3452914798206278
[O-][N+](=O)C1=CC=C(Cl)C=C1,28.0,0.4676489429852658
CCCCCCCCCCN,10.1,0.3529788597053171
CCCCCCCCCCO,69.5,0.7335041639974376
CCCCCCCCCCCCS,5.1,0.32094811018577835
CCCCCCCCCCCCO,71.3,0.7450352338244715
CCCCCCCCCCCCN1CCCC1=O,29.7,0.478539397821909
CCOCC(C)O,3.0,0.3074951953875721
CCCCCCCCCCCCCCCCO,-22.4,0.1447789878283152
CCCCCCO,10.5,0.3555413196668802
COCC(C)O,7.9,0.33888532991672005
CCC(C)(C)C1CCC(CC1)OC,34.2,0.507367072389494
CN1C=C(C(=O)C(=C1)C2=CC(=CC=C2)C(F)(F)F)C3=CC=CC=C3,23.8,0.4407431133888533
CC1=C2C=CC=CC2=CC=C1,24.8,0.44714926329276106
CCCCCCCCCCCC(=O)OCC(O)CO,52.4,0.623959000640615
OC(=O)CC1=C2C=CC=CC2=CC=C1,63.0,0.6918641896220372
OC1=CC=CC2=CC=CC=C12,90.3,0.8667520819987188
CCCCCCCCO,35.1,0.5131326073030109
CCCCCC(O)C=C,14.7,0.38244714926329276
CCCCCCCCN1CCCC1=O,19.5,0.41319666880204997
CC(O)COC1=CC=CC=C1,9.9,0.35169762972453555
O=C1C=CC(=O)N1C2=CC=CC=C2,55.0,0.6406149903907752
NC(=O)NC1=CC=CC=C1,11.8,0.3638693145419603
CCCOCC(C)O,6.4,0.3292761050608584
CCCCCCCCCCCCC=C,9.6,0.34977578475336324
CCCCCCCCCCCCCO,46.3,0.5848814862267777
CC(C1=CC=C(C)C(C)=C1)C2=CC=C(C)C(C)=C2,41.1,0.5515695067264574
C[SiH](O[Si](C)(C)C)O[Si](C)(C)C,10.6,0.356181934657271
CC(O)CN(CCN(CC(C)O)CC(C)O)CC(C)O,3.3,0.3094170403587444
C1=CC2=C(N=C1)C3=C(C=CC=N3)C=C2,46.1,0.5836002562459961
O=CC1=CC=CC=C1C=O,98.0,0.9160794362588085
CC(C)CCCCCCCOC(=O)C1=CC=CC=C1C(=O)OCCCCCCCC(C)C,-5.7,0.2517616912235746
O(C[C@@H]([C@H](CCC)CC)CCC)C(=O)C=1C(C(OCCCCCCCCCCCC)=O)=CC=CC1,6.1,0.3273542600896861
OC1=C(O)C=CC=C1,34.4,0.5086483023702755
BrCCBr,13.4,0.3741191543882127
FC(F)(F)C1=CC=C(Cl)C(Cl)=C1,8.3,0.34144778987828317
ClC1=C(Cl)C=CC=C1,20.8,0.42152466367713004
CC1=CC=CC(=C1C)[N+]([O-])=O,56.0,0.6470211402946828
[O-][N+](=O)C1=C(C=CC=C1)[N+]([O-])=O,60.9,0.6784112748238309
C(COC1=CC=CC=C1)OC2=CC=CC=C2,23.4,0.4381806534272902
O=C(CC1=CC=CC=C1)C2=CC=CC=C2,63.1,0.692504804612428
I.I.NCCN,13.4,0.3741191543882127
CCCCOC(CC)O,10.2,0.35361947469570787
CC(O)CO,-6.8,0.2447149263292761
O=C1NC(=O)C2CC=CCC12,5.3,0.3222293401665599
ClC1=CC(Cl)=C(Cl)C=C1,7.5,0.336322869955157
CC1=CC(C)=C(C)C=C1,17.8,0.4023062139654068
ClC1=CC(Cl)=C(Cl)C=C1Cl,1.5,0.29788597053171045
CC1=CC(C)=C(C)C=C1C,14.1,0.37860345932094813
ClC(=O)C1=CC(=CC=C1)C(Cl)=O,36.8,0.524023062139654
CC(O)CCO,-5.8,0.25112107623318386
C1C=CC=C1,10.9,0.3581037796284433
Cl.ClC1=CC2=C(CN3CCCCCC3=N2)C(Cl)=C1,8.2,0.34080717488789236
ClC1=CC(Cl)=CC=C1,6.5,0.3299167200512492
[O-][N+](=O)C1=CC(=CC=C1)[N+]([O-])=O,11.1,0.35938500960922487
O=C(CC(=O)C1=CC=CC=C1)C2=CC=CC=C2,71.3,0.7450352338244715
CCN1CN(CC)CN(CC)C1,0.2,0.2895579756566304
CC(C)C1=CC(=CC(=C1)C(C)C)C(C)C,-31.8,0.08456117873158231
C[Si]1(O[Si](C)(O[Si](C)(O[Si](C)(O1)C=C)C=C)C=C)C=C,99.7,0.9269698910954517
NC1=CC=C(N)C=C1,108.1,0.9807815502882767
OC(=O)C1CCC(CC1)C(O)=O,20.8,0.42152466367713004
NC1=CC=C(N)C2=C1C(=O)C3=CC=CC=C3C2=O,69.5,0.7335041639974376
ClC1=CC=C(Cl)C=C1,-12.7,0.2069186418962204
CC1=CC=C(C)C2=C1C=CC=C2,55.0,0.6406149903907752
C\1C/C=C/CC/C=C/CC/C=C1,10.5,0.3555413196668802
NCCCCCCN,-5.1,0.2556053811659193
CC12CCC(CC1)C(C)(C)O2,12.9,0.3709160794362588
OC(=O)CCCCCCCCC=C,92.6,0.8814862267777066
CCCCCC(=O)O[C@@]1(CC[C@H]2[C@@H]3CCC4=CC(=O)CC[C@]4(C)[C@H]3CC[C@]12C)C(C)=O,29.0,0.4740550928891736
C[C@]12CC[C@H]3[C@@H](CCC4=C3C=CC(O)=C4)[C@@H]1CC[C@H]2O,46.8,0.5880845611787315
C12CC[C@@](O)(C#C)[C@@]1(C)CCC3C4=C(CCC23)C=C(O)C=C4,87.9,0.8513773222293403
CC(=O)[C@@]1(O)CC[C@H]2[C@@H]3CCC4=CC(=O)CC[C@]4(C)[C@H]3CC[C@]12C,13.9,0.37732222934016657
C12CC[C@H](O)[C@@]1(C)CCC3C4=CC=C(O)C=C4CCC23,55.8,0.6457399103139013
CCCCOCCOCCO,8.7,0.34401024983984624
CC1=C(OCC(O)=O)C=CC(Cl)=C1,79.4,0.7969250480461243
CCNCCO,5.4,0.32286995515695066
CC(OC1=CC(Cl)=CC=C1)C(O)=O,38.8,0.5368353619474695
OCCC(F)(F)C(F)(F)C(F)(F)C(F)(F)C(F)(F)C(F)(F)F,56.8,0.6521460602178091
CC(=C)C(=O)OCCC(F)(F)C(F)(F)C(F)(F)C(F)(F)C(F)(F)C(F)(F)F,9.4,0.3484945547725817
CCOCCOCCOCCO,6.6,0.33055733504164
COCCOCCOCCO,6.1,0.3273542600896861
OC1=CC=C(C=C1)C(=O)CBr,104.3,0.9564381806534272
CCC(C)=NO,-0.8,0.28315182575272263
CCCCOCCOC(C)=O,8.3,0.34144778987828317
OCC#CCO,11.1,0.35938500960922487
ClC=1C=C(C2=CC=CC=C2)C=CC1O,105.7,0.9654067905188982
ClCC=O,8.7,0.34401024983984624
ClCC(=O)C1=CC=CC=C1,26.0,0.4548366431774504
OCCCl,10.2,0.35361947469570787
CCCCC(CC)CO,8.6,0.3433696348494555
CCCC(O)C(CC)CO,5.3,0.3222293401665599
CCCC=C(CC)C=O,23.2,0.4368994234465087
CCC1=CC=CC(C)=C1N,30.3,0.4823830877642537
CCCCC(CC)C(O)=O,-8.2,0.23574631646380526
CCCCC(CC)COC(C)=O,10.1,0.3529788597053171
CCCCC(CC)COP(=O)(OC1=CC=CC=C1)OC2=CC=CC=C2,53.1,0.6284433055733505
CCCCC(CC)COC(=O)CS,58.7,0.6643177450352338
CCC1=C(O)C=CC=C1,68.1,0.7245355541319667
CCCCCC(C)=O,13.4,0.3741191543882127
COC1=CC=C(C(=O)C2=CC=CC=C2)C(O)=C1,98.3,0.9180012812299808
CC(=O)C1=CC=CC=C1O,19.1,0.4106342088404869
OCCOC(=O)C=C,17.1,0.3978219090326714
CCCCCCCCSCCO,75.0,0.7687379884689302
SC1=NC2=C(S1)C=CC=C2,101.0,0.9352978859705318
COC1=CC=C(C)C=C1N,37.4,0.5278667520819987
COCCO,23.3,0.4375400384368994
COC1=C(O)C=CC=C1,52.3,0.6233183856502242
CC(O)CC(C)(C)O,13.1,0.3721973094170404
CC1=C(N)C=CC=C1,30.1,0.48110185778347214
Cl.CC1=CC=CC=C1N,39.0,0.5381165919282511
CCC(C)COC(=O)CC(C)C,1.6,0.2985265855221012
CC(CCC#N)C#N,0.2,0.2895579756566304
CC(C)C#N,4.9,0.3196668802049968
NC1=CC=CC=C1[N+]([O-])=O,95.2,0.8981422165278667
CCCCCCCCCCC(CO)CCCCCCCC,14.0,0.3779628443305573
CCCC(C)=O,11.9,0.36450992953235106
OCCOC1=CC=CC=C1,3.3,0.3094170403587444
OCCC1=CC=CC=C1,7.4,0.33568225496476617
O=C(OCCC1=CC=CC=C1)C2=CC=CC=C2,91.9,0.8770019218449712
OC1=C(C=CC=C1)C2=CC=CC=C2,91.7,0.8757206918641897
CCCOCCO,3.0,0.3074951953875721
O=C1CCCN1,13.1,0.3721973094170404
CCC(C)C1CCCCC1=O,9.9,0.35169762972453555
CCC1=CC(=C(O)C=C1)C(C)(C)C,87.9,0.8513773222293403
CC1=CC(O)=C(C=C1)C(C)(C)C,66.2,0.712363869314542
CCCCCCCCCC(C)=O,15.8,0.38949391415759127
NC(=O)C(Br)(Br)C#N,25.8,0.4535554131966688
OC1=C(CC2=C(O)C=CC=C2)C=CC=C1,100.9,0.934657270980141
CC1=CC(CC2=CC(C)=CC(=C2O)C(C)(C)C)=C(O)C(=C1)C(C)(C)C,52.3,0.6233183856502242
CCC1=CC(CC2=C(O)C(=CC(CC)=C2)C(C)(C)C)=C(O)C(=C1)C(C)(C)C,39.3,0.5400384368994234
CC(C)(C1=CC(Cl)=C(O)C(Cl)=C1)C2=CC(Cl)=C(O)C(Cl)=C2,105.2,0.9622037155669443
CC1=C(C)C(O)=CC=C1,67.6,0.7213324791800129
CC1=CC=CC(=C1[N+]([O-])=O)[N+]([O-])=O,58.0,0.6598334401024983
CC(C)(C1=CC=CC=C1)C2=CC(=C(O)C=C2)C(C)(C)C3=CC=CC=C3,97.6,0.9135169762972454
CC(C)NC1=NC(NC(C)C)=NC(Cl)=N1,30.1,0.48110185778347214
ClC1=C(OCC([O-])=O)C=CC(Cl)=C1.[Na+],90.5,0.8680333119795003
CCCCOCCOC(=O)COC1=C(Cl)C=C(Cl)C=C1,71.8,0.7482383087764254
C1=CC(=C(C=C1Cl)Cl)OCC(=O)O,86.7,0.8436899423446509
OC(=O)CCCOC1=CC=C(Cl)C=C1Cl,99.4,0.9250480461242794
OC1=CC=C(C(=O)C2=CC=CC=C2)C(O)=C1,107.0,0.9737347853939782
OC1=C(C=C(C=C1)[N+]([O-])=O)[N+]([O-])=O,108.4,0.9827033952594492
CC1=C(C=C(C=C1)[N+]([O-])=O)[N+]([O-])=O,74.7,0.7668161434977578
OC1=C(Cl)C=C(Cl)C(Cl)=C1,103.4,0.9506726457399104
OC(=O)COC1=C(Cl)C=C(Cl)C(Cl)=C1,97.1,0.9103139013452914
OC1=C(Br)C=C(Br)C=C1Br,105.0,0.9609224855861628
OC1=C(Cl)C=C(Cl)C=C1Cl,100.0,0.928891736066624
CC1=CC(C)=C(C(O)=O)C(C)=C1,35.7,0.5169762972453555
CC1=CC(C)=C(O)C(C)=C1,81.7,0.8116591928251121
C=CCOC1=NC(OCC=C)=NC(OCC=C)=N1,29.3,0.47597693786034595
OC1=CC(Cl)=CC=C1Cl,105.0,0.9609224855861628
CC(C)(C)OOC(C)(C)CCC(C)(C)OOC(C)(C)C,10.0,0.35233824471492636
CC(C)(C)C1=CC=CC(=C1O)C(C)(C)C,30.0,0.48046124279308133
ClC1=CC=CC(Cl)=C1C#N,77.7,0.7860345932094811
CCC1=CC=CC(CC)=C1N,16.2,0.3920563741191544
CN(C)CCCN,11.3,0.36066623959000643
CCO[Si](CCCN)(OCC)OCC,-19.3,0.1646380525304292
CCC1=CC=CC(O)=C1,59.3,0.6681614349775784
OC1=CC2=C(CC3=CC=CC=C23)C=C1,85.3,0.83472133247918
CC(C)C1=CC=CC(O)=C1,78.9,0.7937219730941705
CC(C)CCOC(C)=O,-18.7,0.16848174247277387
CC1=CC(=CC=C1)[N+]([O-])=O,30.1,0.48110185778347214
COCCOCCC[Si](C)(O[Si](C)(C)C)O[Si](C)(C)C,33.6,0.5035233824471492
OC(=O)C1=CC(OC2=CC=CC=C2)=CC=C1,98.8,0.9212043561819346
CCCC(CC)C1=CC=CC=C1,8.8,0.34465086483023705
N#CC1=CN=CC=C1,5.5,0.32351057014734147
CC(C)(C)C1=CC=CC(O)=C1,81.7,0.8116591928251121
CC1CC(O)CC(C)(C)C1,9.8,0.3510570147341448
CC1CC(CC(C)(C)C1)OC(=O)C2=C(O)C=CC=C2,68.6,0.7277386290839205
CC1=CC(=CC=C1N)C2=CC=C(N)C(C)=C2,105.7,0.9654067905188982
Cl.Cl.CC1=C(N)C=CC(=C1)C2=CC(C)=C(N)C=C2,107.7,0.9782190903267137
CC(C)(C1=CC(Br)=C(O)C(Br)=C1)C2=CC(Br)=C(O)C(Br)=C2,105.8,0.9660474055092889
C1COC=CC1,12.7,0.36963484945547725
NC1=CC(Cl)=CC(Cl)=C1,93.5,0.8872517616912236
CC(CCO)CC(C)(C)C,28.5,0.47085201793721976
CCCCOCCOCCOCCOCCO,5.2,0.32158872517616915
CC(C)=CCCC(C)=CC=O,33.5,0.5028827674567585
CCC(C)(O)CCCC(C)C,11.3,0.36066623959000643
CCC(C)(CCCC(C)C)OC(C)=O,9.6,0.34977578475336324
CC1=CN([C@H]2C[C@H](N=[N+]=[N-])[C@@H](CO)O2)C(=O)NC1=O,2.0,0.30108904548366433
CC(C)(C)C1=CC=C(O)C=C1,67.1,0.7181294042280589
CC(C)(C)CC(C)(C)C1=CC=C(O)C=C1,94.7,0.8949391415759129
CCC(C)(C)C1=CC=C(O)C=C1,91.2,0.8725176169122357
CC(=O)C=CC1=C(C)CCCC1(C)C,19.8,0.4151185137732223
ClC1=CC=C(CCC(CN2C=NC=N2)(C#N)C3=CC=CC=C3)C=C1,22.8,0.43433696348494555
CCC(C)C1=CC=C(O)C=C1,97.5,0.9128763613068546
CCC(C)(C)C1CCC(=O)CC1,19.8,0.4151185137732223
NN1C=NN=C1,4.6,0.31774503523382447
NC1=CC=C(C=C1)C(O)=O,-5.9,0.2504804612427931
CCOCN1C(=C(C#N)C(Br)=C1C(F)(F)F)C2=CC=C(Cl)C=C2,94.6,0.8942985265855221
CCCCC1=CC=C(Cl)C=C1,15.3,0.38629083920563745
CN(C)S(=O)(=O)N1C(=NC(Cl)=C1C2=CC=C(C)C=C2)C#N,103.3,0.9500320307495196
ClC1=C(C(=C(O[H])C(=C1[H])[H])[H])C([H])([H])[H],85.8,0.8379244074311338
ClC1=CC=C(C=C1)C(Cl)(Cl)Cl,98.8,0.9212043561819346
OC1=CC=C(Cl)C=C1,55.3,0.6425368353619474
OC(=O)COC1=CC=C(Cl)C=C1,34.8,0.5112107623318385
NC(=O)NC1=CC=C(Cl)C=C1,19.0,0.4099935938500961
CC(C)(C1=CC=CC=C1)C2=CC=C(O)C=C2,103.1,0.948750800768738
O=C1CCC(CC1)C2CCCCC2,53.6,0.6316463805253043
CCCCCCCCCCCCN1CCOCC1,38.8,0.5368353619474695
CCCCCCCCCCCCC1=CC=C(O)C=C1,100.3,0.9308135810377963
CCOC1=CC=C(N)C=C1,7.8,0.3382447149263293
CCC1COC(=O)O1,15.2,0.38565022421524664
CCCCCCOC1=CC=C(N)C=C1,94.7,0.8949391415759129
CC(=O)C1=CC=C(O)C=C1,36.7,0.5233824471492633
OC(=O)C1=CC=C(O)C=C1,84.3,0.8283151825752723
CC(C)C1=CC=C(O)C=C1,73.2,0.7572069186418963
COC1=CC=C(C=O)C=C1,25.0,0.4484304932735426
CC(C)CC(C)O,12.0,0.36515054452274187
CC(C)=CC(C)=O,34.8,0.5112107623318385
CC1=CC=C(C=C)C=C1,13.0,0.3715566944266496
OC(=O)C1=CC=C(C=C1)[N+]([O-])=O,29.1,0.4746957078795644
OC1=CC=C(C=C1)[N+]([O-])=O,103.0,0.9481101857783473
O=NC1=CC=C(NC2=CC=CC=C2)C=C1,108.9,0.985906470211403
CC1=CC=C(C=C1)[N+]([O-])=O,18.0,0.40358744394618834
CCCCCCCCCC1=CC=C(O)C=C1,89.2,0.8597053171044202
CC(C)CCCCCCC1=CC=C(O)C=C1,104.2,0.9557975656630365
CCCCCCCCC1=CC=C(O)C=C1,102.5,0.9449071108263933
CCCCCC1=CC=C(N)C=C1,89.4,0.8609865470852018
OC1=CC=C(C=C1)C2=CC=CC=C2,100.9,0.934657270980141
CCCC1CCC(=O)CC1,34.9,0.5118513773222293
CC(C)(C)C1=CC=C(N)C=C1,26.7,0.45932094811018576
CC(C)(C)C1=CC=C(S)C=C1,37.9,0.5310698270339526
CC(C)(C)C1CCC(=O)CC1,7.2,0.3344010249839846
CC(C)(C)C1=CC=C(OC(=O)C2=C(O)C=CC=C2)C=C1,45.7,0.5810377962844331
CC1=CC=C(C=C1)C(C)(C)C,8.8,0.34465086483023705
CC1=CC=C(C=C1)S(N)(=O)=O,12.8,0.37027546444586806
C1OC1C2CCC3OC3C2,8.2,0.34080717488789236
CC(CCC(O)=O)(C1=CC=C(O)C=C1)C2=CC=C(O)C=C2,43.3,0.5656630365150545
CC(C)(C)C1=CC=C(C=C1)C2=CC=C(C=C2)C(C)(C)C,6.1,0.3273542600896861
NC1=CC=C(CC2=CC=C(N)C=C2)C=C1,75.3,0.7706598334401025
O1CCN(CC1)SSN2CCOCC2,80.8,0.8058936579115952
CN(C)C1=CC=C(CC2=CC=C(C=C2)N(C)C)C=C1,46.2,0.5842408712363869
CC1=C(N)C=CC(CC2=CC(C)=C(N)C=C2)=C1,96.5,0.9064702114029468
NC1=CC=C(OC2=CC=C(N)C=C2)C=C1,90.0,0.8648302370275465
OC1=CC=C(C=C1)S(=O)(=O)C2=CC=C(O)C=C2,87.7,0.8500960922485586
CC(C1=CC=C(O)C=C1)(C2=CC=C(O)C=C2)C3=CC=C(O)C=C3,100.2,0.9301729660474055
ClC1=C(Cl)C(=O)SS1,106.6,0.971172325432415
CC1=C(O)C(=CC(=C1)[N+]([O-])=O)[N+]([O-])=O,109.9,0.9923126201153107
CCC1(C)NC(=O)NC1=O,10.6,0.356181934657271
FC1=CNC(=O)NC1=O,14.1,0.37860345932094813
COC1=C(N)C=C(C=C1)[N+]([O-])=O,69.0,0.7303010890454837
CC1(C)NC(=O)N(C1=O)C2=CC(=C(C=C2)[N+]([O-])=O)C(F)(F)F,3.0,0.3074951953875721
CC1(C)NC(=O)NC1=O,9.7,0.350416399743754
O=C1NC(=O)C(N1)(C2=CC=CC=C2)C3=CC=CC=C3,24.1,0.4426649583600256
C12CC[C@H](O)[C@@]1(C)CCC3C2CCC4CC(=O)CC[C@]34C,20.9,0.42216527866752085
OC1=CC2=CC=C(SSC3=CC4=CC=C(O)C=C4C=C3)C=C2C=C1,100.1,0.9295323510570147
CC1=CC(=O)NC(=S)N1,16.6,0.3946188340807175
CC1=CC2=CC=CN=C2C=C1,43.1,0.564381806534273
[Na+].CCCCC(CC)CCC(CC(C)C)OS([O-])(=O)=O,103.0,0.9481101857783473
[K+].CC1=CC(=O)[N-]S(=O)(=O)O1,24.0,0.44202434336963486
CC(=O)NC1=CC=C(O)C=C1,-15.9,0.18641896220371557
[Na+].CC1=C(OCC([O-])=O)C=CC(Cl)=C1,85.1,0.8334401024983984
CCC(CC)C(C)CCOC(=O)C,12.3,0.3670723894939142
CCOCN(C(=O)CCl)C1=C(CC)C=CC=C1C,51.4,0.6175528507367072
CC(=O)C1=CC=CC=C1,19.5,0.41319666880204997
C12C[C@@]3(CC(C(C)=O)=C1C)[C@H](C)CCC3C2(C)C,17.7,0.401665598975016
CSC(=O)C1=CC=CC2=C1SN=N2,72.2,0.7508007687379885
S([O-])(=O)(=O)C=1C=C2C(C(/N=N/C=3C(=CC=CC3)C(F)(F)F)=C(N)C=C2)=C(O)C1.[Na+],103.1,0.948750800768738
OC(=O)C1=C(C=CC(OC2=CC=C(C=C2Cl)C(F)(F)F)=C1)[N+]([O-])=O,102.9,0.9474695707879565
NC(=O)C=C,12.4,0.36771300448430494
CCCCCCCCCCCC(=O)OCC(C)OC(=O)CCCCC(=O)O,34.3,0.5080076873798847
CCC1=CC=CC(CC)=C1N(COC)C(=O)CCl,39.7,0.5426008968609866
CSC(C)(C)C=NO,10.1,0.3529788597053171
CNC(=O)ON=CC(C)(C)S(C)(=O)=O,7.8,0.3382447149263293
CNC(=O)ON=CC(C)(C)S(C)=O,-5.7,0.2517616912235746
C12CC(C=C1)C3C2[C@]4(Cl)C(Cl)=C(Cl)[C@@]3(Cl)C4(Cl)Cl,-15.0,0.19218449711723257
O1C(C1)COCCCCCCCCCCCC,57.7,0.6579115951313261
NC(=O)NC1NC(=O)NC1=O,9.5,0.34913516976297243
S([O-])(=O)(=O)C=1C(=CC(\N=N\C=2C3=C(C=C(S([O-])(=O)=O)C=C3)C=CC2O)=C(OC)C1)C.[Na+].[Na+],94.8,0.8955797565663036
OCC=C,5.0,0.3203074951953876
CCCCCC(C=O)=CC1=CC=CC=C1,77.3,0.783472133247918
CC(=O)/C=C/C1C(C)=CCCC1(C)C,46.2,0.5842408712363869
CC(=O)C(C)=CC1C(C)=CCCC1(C)C,41.3,0.5528507367072389
[Na+].CCCCCCCCCCCCOCCOS([O-])(=O)=O,98.4,0.9186418962203716
CCCC(=O)OC(C)(C)CC1=CC=CC=C1,29.9,0.4798206278026906
CCNC1=NC(SC)=NC(NC(C)C)=N1,62.1,0.6860986547085202
Cl.CCCCC1=C(C(=O)C2=CC(I)=C(OCCN(CC)CC)C(I)=C2)C3=C(O1)C=CC=C3,48.4,0.598334401024984
CN(C=NC1=C(C)C=C(C)C=C1)C=NC2=C(C)C=C(C)C=C2,54.1,0.6348494554772581
[NH4+].NC([O-])=O,14.7,0.38244714926329276
[NH4+].[S-]C#N,11.8,0.3638693145419603
[NH4+].[O-]C(=O)C(F)(F)C(F)(F)C(F)(F)C(F)(F)C(F)(F)C(F)(F)C(F)(F)F,104.2,0.9557975656630365
[NH4+].NS([O-])(=O)=O,26.1,0.4554772581678411
S(O)(=O)(=O)C1=C(C=C(C=C1)C)C.N,25.0,0.4484304932735426
CC(C)(C#N)C1=CC(=CC(CN2C=NC=N2)=C1)C(C)(C)C#N,9.5,0.34913516976297243
OC(CCCCCC)CC=CCCCCCCCC(OCCN(CCOC(=O)CCCCCCCC=CCC(O)CCCCCC)CCOC(=O)CCCCCCCC=CCC(O)CCCCCC)=O,60.8,0.6777706598334401
OC1=CC=C(C=C1)C2=CC(=O)C3=C(O2)C=C(O)C=C3O,103.0,0.9481101857783473
CC(=O)OC1=C(C=CC=C1)C(O)=O,36.6,0.5227418321588726
COC(=O)NS(=O)(=O)C1=CC=C(N)C=C1,5.4,0.32286995515695066
CC(C)NCC(O)COC1=CC=C(CC(N)=O)C=C1,15.4,0.3869314541960282
[Ca].[Ca+2].FC1=CC=C(C=2N(C(C(C)C)=C(C2C3=CC=CC=C3)C(=O)NC4=CC=CC=C4)CC[C@@H](O)C[C@@H](O)CC([O-])=O)C=C1.FC1=CC=C(C=2N(C(C(C)C)=C(C2C3=CC=CC=C3)C(=O)NC4=CC=CC=C4)CC[C@@H](O)C[C@@H](O)CC([O-])=O)C=C1,63.0,0.6918641896220372
CCNC1=NC(NC(C)C)=NC(Cl)=N1,6.9,0.3324791800128123
[Na+].[O-]C(=O)C1=CC=C2N(CC3=NOC(=C3)C4=CC=C(Cl)S4)C(=NC2=C1)C(=O)NC5CCN(CC5)C6CC6,46.2,0.5842408712363869
COP(=O)(OC)SCN1C(=O)OC2=CC(Cl)=CN=C12,34.3,0.5080076873798847
CN1C=NC(=C1SC2=NC=NC3=C2NC=N3)[N+]([O-])=O,86.8,0.8443305573350416
[Cl-].CCNC1=CC=C(C(C2=CC=C(C=C2)N(CC)CC)=C3C=CC(C=C3)=[N+](CC)CC)C4=C1C=CC=C4,110.3,0.9948750800768738
CNC(=O)OC1=CC=CC2=C1OC(C)(C)O2,24.2,0.4433055733504164
CCCCN(CC)C1=C(C=C(C=C1[N+]([O-])=O)C(F)(F)F)[N+]([O-])=O,37.5,0.5285073670723894
IC1=C(C=CC=C1)C(=O)NC2=CC=CC=C2,73.6,0.7597693786034593
CCCCNC(=O)N1C(NC(=O)OC)=NC2=C1C=CC=C2,40.4,0.547085201793722
CC(C)OP(=S)(OC(C)C)SCCNS(=O)(=O)C1=CC=CC=C1,21.5,0.4260089686098655
ClC(Cl)C1=CC=CC=C1,12.4,0.36771300448430494
CCOC(=O)C1=CC=C(N)C=C1,37.3,0.5272261370916079
OC(=O)C1=CC=CC=C1,-17.1,0.17873158231902625
OC(C(=O)C1=CC=CC=C1)C2=CC=CC=C2,57.4,0.6559897501601537
O=C(C1=CC=CC=C1)C2=CC=CC=C2,87.0,0.8456117873158232
ClC(Cl)(Cl)C1=CC=CC=C1,62.4,0.6880204996796926
OC1=CC=C(C=C1)C(=O)OCC2=CC=CC=C2,103.2,0.9493914157591288
CC(=O)OCC1=CC=CC=C1,11.8,0.3638693145419603
OCC1=CC=CC=C1,43.3,0.5656630365150545
O=C(OCC1=CC=CC=C1)C2=CC=CC=C2,88.2,0.8532991672005125
CCCCOC(=O)C1=C(C=CC=C1)C(=O)OCC2=CC=CC=C2,71.1,0.7437540038436898
O=C(OCC1=CC=CC=C1)C=CC2=CC=CC=C2,75.4,0.7713004484304933
[Cl-].[N+](CCCCCCCCCC)(CC1=CC=CC=C1)(C)C,-8.5,0.23382447149263294
CCCCC(CC)COC(=O)CCCCC(=O)OCC1=CC=CC=C1,13.5,0.37475976937860345
FC1=CC=C(CC2CCN(CCS(=O)C3=CC=C4NC(=O)OC4=C3)CC2)C=C1,-16.3,0.18385650224215247
CC1=C(C=CC=C1COC(=O)[C@@H]2[C@H](/C=C(\Cl)/C(F)(F)F)C2(C)C)C3=CC=CC=C3,54.8,0.6393337604099936
CC(C)OP(C)(=O)OC(C)C,10.9,0.3581037796284433
CCCCC(CC)COC(=O)/C=C\C(=O)OCC(CC)CCCC,14.7,0.38244714926329276
CCCCC(CC)COC(=O)C1=C(Br)C(Br)=C(Br)C(Br)=C1C(=O)OCC(CC)CCCC,32.4,0.49583600256245997
CCCCC(CC)COC(=O)CCCCC(=O)OCC(CC)CCCC,-0.4,0.2857142857142857
CC(C)(C1=CC=C(O)C=C1)C2=CC=C(O)C=C2,96.0,0.903267136450993
CC(C)(C1=CC=C(OCC2CO2)C=C1)C3=CC=C(OCC4CO4)C=C3,31.9,0.4926329276105061
OC1=CC=C(C=C1)C(C2=CC=C(O)C=C2)(C(F)(F)F)C(F)(F)F,100.7,0.9333760409993594
CCC(C)(C1=CC=C(O)C=C1)C2=CC=C(O)C=C2,95.2,0.8981422165278667
OB(O)O,-4.8,0.2575272261370916
ClC1=CC=C(C=C1)C2=C(NC(=O)C3=C(Cl)N=CC=C3)C=CC=C2,29.3,0.47597693786034595
CCC(C)N1C(=O)NC(C)=C(Br)C1=O,22.6,0.43305573350416404
OC1=C(Br)C=C(C=C1Br)C#N,101.8,0.9404228058936579
CS(=O)(=O)OCCCCOS(C)(=O)=O,11.4,0.3613068545803972
CCCCOCN(C(=O)CCl)C1=C(CC)C=CC=C1CC,39.2,0.5393978219090327
CN1C(=O)N(C(=O)C=C1C(F)(F)F)C2=CC(C(=O)OC(C)(C)C(=O)OCC=C)=C(Cl)C=C2,40.9,0.5502882767456758
CC(C)N(CC1=CC=CC=C1)C(=O)C(C)(C)C,10.1,0.3529788597053171
CCCCOC(=O)C=C,4.5,0.3171044202434337
CCCCOC(=O)C1=CC=CC=C1,17.1,0.3978219090326714
CCCCOCC1CO1,5.5,0.32351057014734147
CCSC(=O)N(CC(C)C)CC(C)C,13.3,0.37347853939782194
CCCCC1=CC=CC=C1,16.0,0.39077514413837283
CCCCC1=CC2=C(C=CC=C2S(=O)(=O)[O-])C=C1.[Na+],101.1,0.9359385009609225
CCCCOC(=O)C1=CC=C(O)C=C1,100.1,0.9295323510570147
CCCC=NO,7.1,0.33376040999359385
[Na+].[Na+].OC1=C(N=NC2=CC=CC=C2)C3=C(C=C(C=C3C=C1)S([O-])(=O)=O)S([O-])(=O)=O,108.8,0.9852658552210122
[Na+].CC1=NN(C(=O)C1N=NC2=CC=CC=C2)C3=CC=C(C=C3)S([O-])(=O)=O,108.3,0.9820627802690582
[Na+].[Na+].CC1=NN(C(=O)C1N=NC2=CC=C(C=C2)S([O-])(=O)=O)C3=CC(Cl)=C(C=C3Cl)S([O-])(=O)=O,102.2,0.942985265855221
C1=CC=C2C(=C1)C(=O)C(C2=O)C3=NC4=C(C=C(C=C4C=C3)S(=O)(=O)[O-])S(=O)(=O)[O-].[Na+].[Na+],97.3,0.9115951313260731
[Na+].CC1=NN(C(=O)C1/N=N/C2=CC=CC=C2)C3=CC(=CC=C3Cl)S([O-])(=O)=O,109.6,0.9903907751441383
CC1=C(N)C=C(C=C1)[N+]([O-])=O,80.8,0.8058936579115952
S([O-])(=O)(=O)C=1C=C2C(=C(O)C1/N=N/C3=CC=C(/N=N/C4=CC=C(S([O-])(=O)=O)C=C4)C=C3)C=CC(NC(=O)C5=CC=CC=C5)=C2.[Na+].[Na+],103.4,0.9506726457399104
COC1=CC(=CC=C1N)C2=CC(OC)=C(N)C=C2,102.9,0.9474695707879565
Cl.Cl.COC1=CC(=CC=C1N)C2=CC=C(N)C(OC)=C2,110.4,0.9955156950672647
CCCCCCCCCCCCCCCS(=O)(=O)OC1=CC=CC=C1,6.5,0.3299167200512492
[Ca+2].[O-]C(=O)C(CCCCCC)(C)C.[O-]C(=O)C(CCCCCC)(C)C,53.3,0.6297245355541319
CC1(C)C2CCC(C2)C1=C,6.9,0.3324791800128123
COCCOC[C@H](CC1(CCCC1)C(=O)N[C@H]2CC[C@H](CC2)C(O)=O)C(=O)OC3=CC4=C(CCC4)C=C3,4.8,0.31902626521460603
O=C1CCCCCN1,-0.2,0.28699551569506726
O=C1N(SC(Cl)(Cl)Cl)C(=O)C2CC=CCC12,89.1,0.8590647021140294
NC(=O)N1C2=CC=CC=C2C=CC3=C1C=CC=C3,56.6,0.6508648302370276
COC(=O)NC1=NC2=CC=CC=C2N1,-20.8,0.15502882767456758
CCCCN(CCCC)SN(C)C(=O)OC1=C2OC(C)(C)CC2=CC=C1,67.5,0.7206918641896221
CC1=C(SCCO1)C(=O)NC2=CC=CC=C2,36.7,0.5233824471492633
CS(O)(=O)=O.CC(C)C1=CC=C(C=C1S(C)(=O)=O)C(=O)N=C(N)N,11.8,0.3638693145419603
CC1=CC=C(C=C1)C2=CC(=NN2C3=CC=C(C=C3)S(N)(=O)=O)C(F)(F)F,56.9,0.6527866752081999
CC(=O)C1=CC(=CC2=C1CCC2(C)C)C(C)(C)C,6.2,0.32799487508007685
NC1=C(Cl)C(=CC(Cl)=C1)C(O)=O,93.9,0.8898142216527867
CC1=CC=C(S(=O)(=O)[N-]Cl)C=C1.O.O.O.[Na+],88.9,0.857783472133248
ClC1CC2C(C1Cl)C3(Cl)C(Cl)=C(Cl)C2(Cl)C3(Cl)Cl,62.6,0.6893017296604741
OC(=O)C1C(C(O)=O)C2(Cl)C(Cl)=C(Cl)C1(Cl)C2(Cl)Cl,69.6,0.7341447789878283
CCOP(=S)(OCC)OC(Cl)C(Cl)(Cl)Cl,89.6,0.8622677770659833
NC1=C(Cl)C(=O)N(N=C1)C2=CC=CC=C2,63.9,0.697629724535554
ClC1=CC=C(C=C1)C(C(=O)C2C(=O)C3=C(C=CC=C3)C2=O)C4=CC=CC=C4,90.4,0.8673926969891096
ClC=1C=C(C=CC1)C.C=1C=C(C=CC1Cl)C,11.3,0.36066623959000643
CC(C)OC(=O)NC1=CC=CC(Cl)=C1,74.2,0.763613068545804
CCOP(=S)(OCC)OC1=NC(Cl)=C(Cl)C=C1Cl,102.8,0.9468289557975657
CCOP(=O)(OCC)OC1=NC(Cl)=C(Cl)C=C1Cl,99.4,0.9250480461242794
COP(=S)(OC)OC1=NC(Cl)=C(Cl)C=C1Cl,99.6,0.9263292761050609
COC(=O)C1=C(Cl)C(Cl)=C(C(=O)OC)C(Cl)=C1Cl,99.7,0.9269698910954517
OC1=CC2=C(C(O)=C1)C(=O)C=C(O2)C3=CC=CC=C3,94.7,0.8949391415759129
NC1=CC2=C3N(CCC3=C1)C(=O)[C@H](NC(=O)C4=CC=CN=C4)N=C2C5=CC=CC=C5,40.1,0.5451633568225497
CC(C)[C@]12CC[C@](C)(O1)[C@@H](C2)OCC3=C(C)C=CC=C3,45.9,0.5823190262652146
OC(=O)CC(O)(CC(O)=O)C(O)=O,-10.7,0.2197309417040359
CCOC(=O)CC(CC(=O)OCC)(OC(C)=O)C(=O)OCC,12.1,0.3657911595131326
CC(CCO)CCC=C(C)C,92.9,0.8834080717488789
NC(=O)N(O)[C@H]1C[C@@H](OC2=CC=CC(OC3=CC=C(F)C=C3)=C2)C=C1,93.0,0.8840486867392697
NC1=NC(Cl)=NC2=C1N=CN2[C@H]3C[C@H](O)[C@@H](CO)O3,6.3,0.32863549007046766
C[C@@H](OC1=CC=C(OC2=NC=C(Cl)C=C2F)C=C1)C(=O)OCC#C,57.3,0.6553491351697629
CCOC(=O)C(C)(C)OC1=CC=C(Cl)C=C1,42.1,0.5579756566303652
OC(=O)C1=C(Cl)C=CC(Cl)=N1,30.8,0.4855861627162076
OC1=C(CC2=CC=CC=C2)C=C(Cl)C=C1,105.0,0.9609224855861628
COC(=O)C(CC1=CN=CN1)N.Cl,85.7,0.8372837924407431
COC1=CC2=C(C(OC)=C1OC)C3=CC=C(OC)C(=O)C=C3[C@H](CC2)NC(C)=O,41.7,0.5554131966688021
[Co].[Co].[Co].[Co].[Co].[Co].[Co].[Co].[Co].[Co].[Co].[Co].[Co].[Co].[Co].[Co].[Co].[Co],32.2,0.49455477258167846
C[C@]12C[C@H](O)[C@H]3[C@@H](CCC4=CC(=O)CC[C@]34C)[C@@H]1CC[C@@H]2C(=O)CO,12.6,0.3689942344650865
CN1[C@@H](CCC1=O)C2=CN=CC=C2,4.8,0.31902626521460603
O[C@@H]1[C@H](CC2=CC=CC(=C2)C(O)=O)COC3=C1C=C(OCC4=NC5=C(S4)C=CC(F)=C5)C=C3,64.6,0.7021140294682895
CC(CC1=CC=C(OCC(O)=O)C=C1)NCC(O)C2=CSC(=N2)C(F)(F)F,22.3,0.43113388853299167
FC1=CC=C(C2(O)CCN([C@H]3[C@@H](O)C4=C(OC3)C=C(O)C=C4)CC2)C=C1,59.6,0.6700832799487508
CCC1=NN(C2CCCCC2)C3=C1C=CC(=C3)[C@]4(CC[C@@H](CC4)C(O)=O)C#N,62.7,0.6899423446508648
CS(O)(=O)=O.CCOC1=CC=CC(=C1)[C@]2(CC[C@H](C)CC2)N3CCN(CC3)C4=CC=CC=C4,15.5,0.38757206918641895
CC(C)(O)C1=CC=C(CNC(=O)C2=CC=CN=C2OC3=CC=C(F)C=C3)C=C1,10.5,0.3555413196668802
[Na+].CC(C)C1=CC=CC(C(C)C)=C1NC(=O)[N-]S(=O)(=O)C2=CC(=CO2)C(C)(C)O,37.3,0.5272261370916079
ONC(=O)C1(CCCC1)N(CCC(O)=O)S(=O)(=O)C2=CC=C(OC3=CC=C(F)C=C3)C=C2,30.0,0.48046124279308133
CC[C@@H]1C[C@H](N(CC2=CC(=CC(=C2)C(F)(F)F)C(F)(F)F)C(C)=O)C3=C(C=CC(=C3)C(F)(F)F)N1C(=O)OC(C)C,41.7,0.5554131966688021
ONC(=O)C1(CCOCC1)NS(=O)(=O)C2=CC=C(OC3=CC=C(F)C=C3)C=C2,48.4,0.598334401024984
CNCC1=C(OC2=CC=C(Cl)C(Cl)=C2)C=CC(F)=C1,35.5,0.515695067264574
CC(C)(O)C1=CC=C(CNC(=O)C2=CC=CN=C2OC3=CC4=NON=C4C=C3)C=C1,5.1,0.32094811018577835
CC1=CC(NC(=O)C(O)=O)=CC(C)=C1OC2=CC=C(O)C3=C2CCC3,105.4,0.9634849455477259
C[C@@H](O)C1=NC(=CC=N1)N2[C@@H](C)CN(C[C@H]2C)C3=NC(C)=NC(C)=N3,0.4,0.29083920563741195
C[C@@H](OC1=CC=C(CNC(=O)C2=CC=CN=C2OC3=CC=C4OCOC4=C3)C(F)=C1)C(O)=O,11.1,0.35938500960922487
OC(CCCCCC)C/C=C/CCCCCCCOC(OCCOC(COCCOC(OCCCCCCC\C=C\CC(O)CCCCCC)=O)COCCOC(OCCCCCCC\C=C\CC(O)CCCCCC)=O)=O,-22.0,0.1473414477898783
CCNC1=NC(NC(C)(C)C#N)=NC(Cl)=N1,30.7,0.4849455477258168
CSC1=NC(NC(C)(C)C)=NC(NC2CC2)=N1,86.0,0.8392056374119155
OC(=O)C1(CC1)C(=O)NC2=CC=C(Cl)C=C2Cl,96.4,0.9058295964125561
O=C(C1CCC1)C2=CC=CC=C2,30.8,0.4855861627162076
OC1CCCCCCCCCCC1,44.9,0.5759128763613068
O=C1CCCCC1,1.0,0.2946828955797566
ON=C1CCCCC1,11.1,0.35938500960922487
[C@H]1(C[C@@H](C)C[C@H](C)C1=O)[C@H](O)CC2CC(=O)NC(=O)C2,10.8,0.35746316463805256
NC1CCCCC1,11.8,0.3638693145419603
O=C(C1CCCCC1)C2=CC=CC=C2,45.5,0.5797565663036515
C12NC[C@@H](C)C[C@H]1O[C@]3(CCC4C(C[C@H]5C4CC=C6C[C@@H](O)CC[C@]56C)=C3C)[C@@H]2C,-3.7,0.2645739910313901
O.ClCCN(CCCl)P1(=O)NCCCO1,63.3,0.6937860345932094
CC1(C)C(C=C(Cl)Cl)C1C(=O)OC(C#N)C2=CC=C(F)C(OC3=CC=CC=C3)=C2,48.1,0.5964125560538116
CCCCOC(=O)[C@@H](C)OC1=CC=C(OC2=C(F)C=C(C=C2)C#N)C=C1,51.1,0.615631005765535
CC1=NC(NC2=CC=CC=C2)=NC(=C1)C3CC3,91.0,0.8712363869314542
NC1=NC(NC2CC2)=NC(N)=N1,24.2,0.4433055733504164
Cl.O1C(N2C=CC(=NC2=O)N)C(O)[C@H](O)C1CO,8.7,0.34401024983984624
NC1=CC=C(C=C1)S(=O)(=O)C2=CC=C(N)C=C2,25.0,0.4484304932735426
ClC1=CC=C(C=C1)C(C2=CC=C(Cl)C=C2)C(Cl)(Cl)Cl,14.9,0.3837283792440743
CCCCCCCCCC=O,94.7,0.8949391415759129
OC(=O)CCCCCCCCC(O)=O,39.5,0.5413196668802049
CCCCCCCCCC(O)=O,93.7,0.8885329916720052
CCN(CC)C(=O)C1=CC=CC(C)=C1,51.8,0.6201153106982703
CC(=O)C1C(=O)C=C(C)OC1=O,41.0,0.5509288917360666
C12CCC(=O)[C@@]1(C)CCC3C2CC=C4C[C@@H](O)CC[C@]34C,37.5,0.5285073670723894
CCNC1=NC(N)=NC(Cl)=N1,20.2,0.4176809737347854
[O-]C(=O)C1=CC=CC=C1.CC[N+](CC)(CC(=O)NC1=C(C)C=CC=C1C)CC2=CC=CC=C2,12.7,0.36963484945547725
O=C1[N-]S(=O)(=O)C2=C1C=CC=C2.CC[N+](CC)(CC(=O)NC1=C(C)C=CC=C1C)CC2=CC=CC=C2,21.5,0.4260089686098655
P(OCC(=O)[C@]1(O)[C@@]2(C(C3[C@](F)([C@@H](O)C2)[C@@]4(C(CC3)=CC(=O)C=C4)C)C[C@H]1C)C)([O-])([O-])=O.[Na+].[Na+],7.1,0.33376040999359385
CCCCCCCCOC(=O)C1=C(C=CC=C1)C(=O)OCCCCCCCC,15.1,0.3850096092248559
CC(C)(C)OOC(C)(C)C,6.8,0.33183856502242154
CCCCC(CC)COC(=O)C1=C(C=CC=C1)C(=O)OCC(CC)CCCC,5.6,0.3241511851377322
CC(=O)CC(C)(C)O,-17.0,0.17937219730941706
C=CCOC(=O)C1=C(C=CC=C1)C(=O)OCC=C,65.2,0.7059577194106342
S=P(OC1=NC(=NC(=C1)C)C(C)C)(OCC)OCC,39.1,0.5387572069186419
OCNC(=O)N(CO)C1N(CO)C(=O)N(CO)C1=O,9.7,0.350416399743754
S1C2=C(C=CC=C2)C3=C1C=CC=C3,15.7,0.3888532991672005
CCCCOC(=O)C1=CC=CC=C1C(=O)OCCCC,70.8,0.7418321588725176
CCCCOC(=O)CCCCC(=O)OCCCC,9.9,0.35169762972453555
CCCCOC(=O)CCCCCCCC(=O)OCCCC,29.2,0.4753363228699552
CCCCOC(=O)CCCCCCCCC(=O)OCCCC,-0.5,0.28507367072389495
COC1=C(Cl)C=CC(Cl)=C1C(O)=O,62.8,0.6905829596412556
ClC(Cl)C(=O)N(CC=C)CC=C,17.2,0.39846252402306215
OC1=CC=C(Cl)C=C1CC2=CC(Cl)=CC=C2O,105.5,0.9641255605381166
CC(OC1=C(Cl)C=C(Cl)C=C1)C(O)=O,81.7,0.8116591928251121
COP(=O)(OC)OC=C(Cl)Cl,13.9,0.37732222934016657
OC(C1=CC=C(Cl)C=C1)(C2=CC=C(Cl)C=C2)C(Cl)(Cl)Cl,64.6,0.7021140294682895
CC(C)(OOC(C)(C)C1=CC=CC=C1)C2=CC=CC=C2,80.7,0.8052530429212044
C1CCC(CC1)SSC2CCCCC2,22.7,0.43369634849455474
O=C(OC1CCCCC1)C2=C(C=CC=C2)C(=O)OC3CCCCC3,37.8,0.5304292120435619
[Na+].[O-]S(=O)(=O)C(CC(=O)OC1CCCCC1)C(=O)OC2CCCCC2,74.0,0.7623318385650224
C1C=CC2C3CC(C=C3)C12,13.6,0.37540038436899426
OC[C@@H]1CC[C@@H](O1)N2C=NC3=C2N=CNC3=O,1.7,0.299167200512492
ClC1=C(Cl)[C@]2(Cl)[C@@H]3[C@@H]4C[C@@H]([C@H]5O[C@@H]45)[C@@H]3[C@@]1(Cl)C2(Cl)Cl,25.9,0.45419602818705956
OCCNCCO,14.6,0.381806534272902
CCOC(=O)CCC(=O)OCC,6.4,0.3292761050608584
[P+](OCC)(OCC)=O,6.4,0.3292761050608584
CCOC(=O)C1=CC=CC=C1C(=O)OCC,44.1,0.5707879564381806
CCOS(=O)(=O)OCC,-4.0,0.2626521460602178
OCCOCCO,0.4,0.29083920563741195
C1=CC=C(C=C1)C(=O)OCCOCCOC(=O)C2=CC=CC=C2,29.2,0.4753363228699552
COCCOCCO,10.3,0.3542600896860987
CC/C(=C(/CC)\C1=CC=C(O)C=C1)/C2=CC=C(O)C=C2,103.2,0.9493914157591288
COS([O-])(=O)=O.CN1C(=CC(C2=CC=CC=C2)=[N+]1C)C3=CC=CC=C3,91.0,0.8712363869314542
FC1=CC=CC(F)=C1C(=O)NC(=O)NC2=CC=C(Cl)C=C2,-8.0,0.23702754644458682
COC1=CC=C(C=C1)N2N=C(C=C2C3=CC=C(C=C3)S(C)=O)C(F)F,33.1,0.5003203074951954
C[C@H]1O[C@H](C[C@H](O)[C@@H]1O)O[C@H]2[C@@H](O)C[C@H](O[C@H]3[C@@H](O)C[C@H](O[C@H]4CC[C@@]5(C)[C@H](CC[C@@H]6[C@@H]5C[C@@H](O)[C@]7(C)[C@H](CC[C@]67O)C8=CC(=O)OC8)C4)O[C@@H]3C)O[C@@H]2C,13.1,0.3721973094170404
CCCCCCOC(=O)CCCCC(=O)OCCCCCC,1.0,0.2946828955797566
CCCCCCOC(=O)C1=C(C=CC=C1)C(=O)OCCCCCC,17.7,0.401665598975016
OC(CCCC(C=C)=C)(C)C,28.9,0.4734144778987828
CC(C)COC(=O)CCCCC(=O)OCC(C)C,63.2,0.6931454196028187
CC(C)CCCCCCCOC(=O)CCCCC(=O)OCCCCCCCC(C)C,4.6,0.31774503523382447
CC(C)CCCCCCCOP(OCCCCCCCC(C)C)OC1=CC=CC=C1,101.9,0.9410634208840487
CC(C)CCCCCCOC(=O)CCCCC(=O)OCCCCCCC(C)C,-3.7,0.2645739910313901
CC(C)CCCCCCOC(=O)C1CCCCC1C(=O)OCCCCCCC(C)C,-35.9,0.05829596412556054
CC(C)CCCCCOC(=O)CCCCC(=O)OCCCCCC(C)C,21.0,0.4228058936579116
CC(O)CNCC(C)O,11.5,0.36194746957078794
CC(C)OC(=O)C1=CC=CC=C1C(=O)OC(C)C,56.5,0.6502242152466368
CNC(=O)CSP(=S)(OC)OC,39.7,0.5426008968609866
CC1CC(OC(C)=O)OC(C)O1,-24.1,0.133888532991672
CO[Si](C)(C)OC,3.5,0.31069827033952596
COC(=O)CCCC(=O)OC,8.1,0.3401665598975016
COC(=O)C1=CC(=CC=C1)C(=O)OC,40.7,0.5490070467648943
COP(C)(=O)OC,13.0,0.3715566944266496
COC(=O)C1=C(C=CC=C1)C(=O)OC,38.2,0.532991672005125
COC(=O)CCC(=O)OC,5.0,0.3203074951953876
COS(=O)(=O)OC,11.9,0.36450992953235106
COC(=O)C1=CC=C(C=C1)C(=O)OC,39.6,0.5419602818705958
NC=1C(=C(C=CC1)C)C.NC1=C(C=CC=C1C)C.NC1=CC(=C(C=C1)C)C.NC1=C(C=C(C=C1)C)C.NC1=C(C=CC(=C1)C)C.NC1=CC(=CC(=C1)C)C,33.9,0.5054452274183217
C[As](C)(O)=O,-1.8,0.2767456758488149
CN(C)C(Cl)=O,-3.9,0.2632927610506086
C[Sn](C)(Cl)Cl,-1.7,0.27738629083920563
CC(C)(C)C(O)/C(=C\C1=C(Cl)C=C(Cl)C=C1)/N2C=NC=N2,82.7,0.8180653427290199
O(C=1C(N(=O)=O)=CC=CC1)C(=O)/C=C/C.ON=O.C(CCCC)CCC,111.1,1.0
CCC(C)C1=CC(=CC(=C1O)[N+]([O-])=O)[N+]([O-])=O,109.0,0.9865470852017937
CNC(NCC1CCOC1)=N[N+]([O-])=O,7.4,0.33568225496476617
CC(C)CCCCCCOC(=O)C1=CC=CC=C1C(=O)OCCCCCCC(C)C,13.4,0.3741191543882127
CCCCCOC(=O)C1=C(C=CC=C1)C(=O)OCCCCC,49.6,0.6060217809096733
O=C(OC1=CC=CC=C1)C2=CC(=CC=C2)C(=O)OC3=CC=CC=C3,79.0,0.7943625880845612
O(C1=CC=CC=C1)C2=CC=CC=C2,57.9,0.6591928251121076
OP(=O)(OC1=CC=CC=C1)OC2=CC=CC=C2,45.8,0.5816784112748239
N(C1=CC=CC=C1)C2=CC=CC=C2,83.8,0.8251121076233183
CCCOC(=O)C1=CC=C(N=C1)C(=O)OCCC,33.2,0.5009609224855862
O(C(CO)C)C(CO)C.O(CC(O)C)CC(O)C,4.1,0.3145419602818706
COCCOCCO,-5.3,0.25432415118513774
O(CC(OC(=O)C1=CC=CC=C1)C)CC(OC(=O)C2=CC=CC=C2)C,34.7,0.5105701473414478
CSC(=O)C1=C(N=C(C(C(=O)SC)=C1CC(C)C)C(F)(F)F)C(F)F,44.8,0.575272261370916
CN(C)C(=O)NC1=CC(Cl)=C(Cl)C=C1,34.4,0.5086483023702755
C=1(C(=CC=CC1)C=C)C=C,23.8,0.4407431133888533
CC(C)CCC[C@@H](C)CCC[C@@H](C)CCC[C@]1(C)CCC2=C(O1)C(C)=C(C)C(OC(C)=O)=C2C,-3.7,0.2645739910313901
[Na+].CCCCC(CC)COC(=O)CC(C(=O)OCC(CC)CCCC)S([O-])(=O)=O,104.7,0.9590006406149905
CCCCCCCCCCCCC1=CC=CC=C1,-13.6,0.2011531069827034
CCCCCCCCCCCCC1=CC(=CC=C1)S(=O)(=O)O.C(CO)N(CCO)CCO,101.8,0.9404228058936579
S(O)(=O)(=O)C=1C(CCCCCCCCCCCC)=CC=CC1,105.3,0.962844330557335
OC1=CC=C(C=C1)CCCCCCCCCCCC,99.8,0.9276105060858424
[Cl-].[Cl-].[Cl-].[Dy+3],6.3,0.32863549007046766
OC(=O)/C=C/C1=CC=CC=C1,53.5,0.6310057655349135
ClC1=C(Cl)C2(Cl)C3COS(=O)OCC3C1(Cl)C2(Cl)Cl,16.4,0.39333760409993596
ClC1=C(Cl)[C@]2(Cl)[C@@H]3COS(=O)OC[C@@H]3[C@@]1(Cl)C2(Cl)Cl,18.9,0.40935297885970534
OC(=O)C1C2CCC(O2)C1C(O)=O,-3.4,0.2664958360025625
CCOP(=S)(OC1=CC=C(C=C1)[N+]([O-])=O)C2=CC=CC=C2,78.6,0.791800128122998
FC1=CC=C(C=C1)[C@@]2(CN3C=NC=N3)O[C@@H]2C4=C(Cl)C=CC=C4,62.2,0.686739269698911
CC[C@H]1OC(=O)[C@H](C)[C@@H](O[C@H]2C[C@@](C)(OC)[C@@H](O)[C@H](C)O2)[C@H](C)[C@@H](O[C@@H]3O[C@H](C)C[C@@H]([C@H]3O)N(C)C)[C@](C)(O)C[C@@H](C)C(=O)[C@H](C)[C@@H](O)[C@]1(C)O,13.4,0.3741191543882127
CC(C)[C@H](C(=O)O[C@H](C#N)C1=CC=CC(OC2=CC=CC=C2)=C1)C3=CC=C(Cl)C=C3,47.1,0.590006406149904
COC1=CC=C(CC=C)C=C1,21.6,0.4266495836002563
C[C@]12CC[C@H]3[C@@H](CCC4=C3C=CC(O)=C4)[C@@H]1C[C@@H](O)[C@@H]2O,29.7,0.478539397821909
C12CCC(=O)[C@@]1(C)CCC3C4=C(CCC23)C=C(O)C=C4,15.3,0.38629083920563745
CCOC1OC2=C(C=C(OS(C)(=O)=O)C=C2)C1(C)C,82.6,0.8174247277386291
CCOC(=O)CC1=CC=CC2=C1C=CC=C2,84.0,0.8263933376040999
CCOC(=O)C1OC1C2=CC=CC=C2,40.1,0.5451633568225497
CCC(=O)C1=CC=C(Cl)C=C1,15.6,0.38821268417680976
CCN(CCO)CCO,4.5,0.3171044202434337
CCCCCC(=O)OCC,1.8,0.29980781550288277
CCCCCCCC/C=C\CCCCCCCC(=O)OCC,17.7,0.401665598975016
CCOC(OCC)OCC,12.0,0.36515054452274187
CCOC(=O)CC,10.6,0.356181934657271
CCOC(=O)CCCCCCCCC=C,26.8,0.45996156310057656
OCCO,4.9,0.3196668802049968
CCOCCOC(C)=O,12.3,0.3670723894939142
O=C(OCCOCCOCCOC(=O)C1=CC=CC=C1)C2=CC=CC=C2,26.0,0.4548366431774504
CCOC(=O)C1=CC=C(O)C=C1,81.3,0.809096732863549
CCOC1=CC=C(C=C1)C(C)(C)COCC2=CC(OC3=CC=CC=C3)=CC=C2,51.7,0.6194746957078796
CCOC1=C(C=CC(=C1)C(C)(C)C)C2COC(=N2)C3=C(F)C=CC=C3F,40.1,0.5451633568225497
COC1=C(O)C=CC(CC=C)=C1,91.2,0.8725176169122357
[K+].CCC1=CC(=CC2=C1OCO2)C3=C(N(C4=CC=CC=C4C(F)(F)F)S(=O)(=O)C5=C3C=CC=C5)C([O-])=O,81.3,0.809096732863549
CC(C)=CCCC(C)=CCCC(C)=CCO,90.0,0.8648302370275465
[Na+].[Na+].CCN(CC1=CC(=CC=C1)S([O-])(=O)=O)C2=CC=C(C=C2)C(=C3C=CC(C=C3)=[N+](CC)CC4=CC(=CC=C4)S([O-])(=O)=O)C5=C(C=C(O)C=C5)S([O-])(=O)=O,56.9,0.6527866752081999
S([O-])(=O)(=O)C1=CC2=C(C(/N=N/C3=CC=C(S([O-])(=O)=O)C=C3)=C(O)C=C2)C=C1.[Na+].[Na+],97.9,0.9154388212684177
CSC1=N[C@](C)(C(=O)N1NC2=CC=CC=C2)C3=CC=CC=C3,35.3,0.5144138372837924
CC1(C)C2CCC(C)(C2)C1O,3.6,0.3113388853299167
COP(=S)(OC)OC1=CC=C(C(C)=C1)[N+]([O-])=O,98.4,0.9186418962203716
CC(C)OC(=O)C(C)(C)OC1=CC=C(C=C1)C(=O)C2=CC=C(Cl)C=C2,24.8,0.44714926329276106
CCOC(=O)NCCOC1=CC=C(OC2=CC=CC=C2)C=C1,83.7,0.8244714926329276
COP(=S)(OC)OC1=CC(C)=C(SC)C=C1,94.0,0.8904548366431775
CN(C)C(=O)NC1=CC=CC=C1,6.9,0.3324791800128123
NC1=C(C(=NN1C2=C(Cl)C=C(C=C2Cl)C(F)(F)F)C#N)S(=O)C(F)(F)F,57.4,0.6559897501601537
O=C1C=C(OC2=CC=CC=C12)C3=CC=CC=C3,95.1,0.8975016015374759
[O-][N+](=O)C1=CC(=C(Cl)C(=C1NC2=C(Cl)C=C(C=N2)C(F)(F)F)[N+]([O-])=O)C(F)(F)F,108.7,0.9846252402306215
OC(CN1C=NC=N1)(CN2C=NC=N2)C3=C(F)C=C(F)C=C3,8.8,0.34465086483023705
CC(C)N(C(=O)COC1=NN=C(S1)C(F)(F)F)C2=CC=C(F)C=C2,66.8,0.7162075592568866
FC1=CC=CC(F)=C1C(=O)NC(=O)NC2=C(F)C=C(OC3=C(Cl)C=C(C=C3)C(F)(F)F)C=C2,20.0,0.41639974375400385
CCOC(=O)COC1=CC(N2N=CC(=C(C)C2=O)C(F)(F)F)=C(F)C=C1Cl,24.7,0.44650864830237025
CCN(CC1=C(Cl)C=CC=C1F)C2=C(C=C(C=C2[N+]([O-])=O)C(F)(F)F)[N+]([O-])=O,61.1,0.6796925048046125
FC1=CC2=C(C=C1N3C(=O)C4=C(CCCC4)C3=O)N(CC#C)C(=O)CO2,85.2,0.8340807174887893
CN(C)C(=O)NC1=CC=CC(=C1)C(F)(F)F,54.8,0.6393337604099936
OCCC(F)(F)C(F)(F)C(F)(F)C(F)(F)C(F)(F)C(F)(F)C(F)(F)C(F)(F)F,45.8,0.5816784112748239
CO/N=C(/C1=NOCCO1)\C2=C(OC3=NC=NC(OC4=CC=CC=C4Cl)=C3F)C=CC=C2,88.2,0.8532991672005125
NC1=C(Cl)C(F)=NC(OCC(O)=O)=C1Cl,84.5,0.8295964125560539
CCCCCCC(C)OC(=O)COC1=NC(F)=C(Cl)C(N)=C1Cl,84.2,0.8276745675848816
C[Si](CN1C=NC=N1)(C2=CC=C(F)C=C2)C3=CC=C(F)C=C3,52.2,0.6226777706598334
CC(C)C(=O)NC1=CC(=C(C=C1)[N+]([O-])=O)C(F)(F)F,30.4,0.48302370275464446
CC(C)OC1=CC(NC(=O)C2=C(C=CC=C2)C(F)(F)F)=CC=C1,75.6,0.7725816784112748
CS(=O)(=O)NC(=O)C1=CC(OC2=CC=C(C=C2Cl)C(F)(F)F)=CC=C1[N+]([O-])=O,97.6,0.9135169762972454
ClC1=NC=CC(NC(=O)NC2=CC=CC=C2)=C1,54.6,0.6380525304292121
C=O,14.6,0.381806534272902
NC=O,2.3,0.30301089045483665
CC1=C(C2=C(O1)C(NC(=O)C3=C(Cl)C=CC=C3Cl)=CC=C2)C(C)(C)O,102.1,0.9423446508648302
OC(=O)/C=C/C(O)=O,6.0,0.32671364509929535
CCCOC(=O)C1=CC(O)=C(O)C(O)=C1,104.8,0.9596412556053812
O=C1CCCO1,11.3,0.36066623959000643
CCC1CCC(=O)O1,54.0,0.6342088404868673
CCCC1CCC(=O)O1,10.6,0.356181934657271
CCCCCC1CCC(=O)O1,13.3,0.37347853939782194
CC(C)=CCC/C(/C)=C/COC(C)=O,24.6,0.44586803331197955
C12CC[C@@]3(O)C[C@]1(CC3=C)[C@@H](C(O)=O)C4[C@@]5(C)[C@@H](O)C=C[C@@]24OC5=O,-5.4,0.253683536194747
CCCCCCCC(=O)OCC(CO)O,35.0,0.5124919923126201
CCCCCCCCC=CCCCCCCCC(=O)OCC(CO)O,76.5,0.7783472133247917
CCCCCCC(CC=CCCCCCCCC(=O)OCC(CO)O)O,85.6,0.8366431774503523
CCCCCCCCCCCCCCCCCC(=O)OCC(O)CO,9.3,0.3478539397821909
OCC1CO1,2.9,0.3068545803971813
CCCCCCCCCC1=CC=C(OCCO)C=C1,44.3,0.5720691864189622
C12C(NC(=O)N1)NC(=O)N2,6.5,0.3299167200512492
CCCCCCC(CCCCCCCCCCC(=O)OCC(COC(=O)C)OC(=O)C)OC(=O)C,21.2,0.42408712363869316
NC(=O)CN(CC(F)(F)F)C1=CC(=C(C=C1)C#N)C(F)(F)F,21.3,0.424727738629084
CC1=CC=C(C=C1)S(O)(=O)=O.CCN(C(C)C)C(=O)C1=CC(OC[C@H](C)NC2=CC=NC=C2)=CC(C)=C1,5.9,0.32607303010890454
C12[C@@H]3O[C@@H]3[C@H](Cl)C1[C@@]4(Cl)C(Cl)=C(Cl)C2(Cl)C4(Cl)Cl,-20.2,0.15887251761691223
CCCCCCC=O,56.9,0.6527866752081999
CCCCCCC(O)=O,43.3,0.5656630365150545
CCCCCCC(=O)C1=CC=CC=C1,41.7,0.5554131966688021
CCCCCCCOC(=O)CCC,18.6,0.407431133888533
CCCCCCCOC(=O)C1=CC=C(O)C=C1,103.0,0.9481101857783473
ClC(Cl)=C(Cl)C(Cl)=C(Cl)Cl,98.9,0.9218449711723254
ClC1=C(Cl)C(Cl)(Cl)C(Cl)=C1Cl,98.4,0.9186418962203716
CCCCC(O)(CN1C=NC=N1)C2=CC=C(Cl)C=C2Cl,69.0,0.7303010890454837
CCCCCCCCCCCCCCCC,10.1,0.3529788597053171
CCCCCCCCCCCCCCCC(O)=O,53.4,0.6303651505445227
FC(F)C(F)(F)OC1=C(Cl)C=C(NC(=O)NC(=O)C2=C(F)C=CC=C2F)C=C1Cl,-18.9,0.16720051249199233
O=C(OCCCCCCOC(=O)C1=CC=CC=C1)C2=CC=CC=C2,26.8,0.45996156310057656
N#CCCCCC#N,15.9,0.3901345291479821
OC(=O)CCCCC(O)=O,13.8,0.3766816143497758
O(CC(C(CC)C)C)C(=O)CCCCCC(OCC(CCC)CC)=O,11.6,0.36258808456117875
CCCCCC(O)=O,11.2,0.3600256245996156
CN(C)C1=NC(=O)N(C2CCCCC2)C(=O)N1C,21.6,0.4266495836002563
CCCCCCOC(=O)C1=CC=CC=C1,51.2,0.6162716207559258
C[C@H]1[C@@H](SC(=O)N1C(=O)NC2CCCCC2)C3=CC=C(Cl)C=C3,56.4,0.6495836002562461
NS(=O)(=O)C1=CC2=C(NCNS2(=O)=O)C=C1Cl,-6.7,0.2453555413196669
OC1=CC=C(O)C=C1,19.9,0.4157591287636131
COC1=CC=C(OC)C=C1,19.2,0.41127482383087766
CC(CCCC(C)(C)O)CC=O,28.7,0.47213324791800126
CC(C)(O)C(=O)NC1=CC(=C(C=C1)[N+]([O-])=O)C(F)(F)F,29.8,0.4791800128122998
CCC(C)OC(=O)N1CCCCC1CCO,13.4,0.3741191543882127
CC(C)CCCCCCC1=CC=C(C=C1)OCCOCCO,2.8,0.3062139654067905
O=C1NC(=NC1(C(C)C)C)C2=C(C=CC(=C2)C)C(OC)=O,12.2,0.3664317745035234
CC(C)C1(C)NC(=NC1=O)C2=NC=C(C)C=C2C(O)=O,12.5,0.3683536194746957
CC(C)C1(C)N=C(NC1=O)C2=NC3=C(C=CC=C3)C=C2C(O)=O,14.5,0.3811659192825112
CCC1=CN=C(C2=NC(C)(C(C)C)C(=O)N2)C(=C1)C(O)=O,8.2,0.34080717488789236
N1C=CN=C1,3.6,0.3113388853299167
OCN1C(NC(=O)NCNC(=O)NC2N(CO)C(=O)NC2=O)C(=O)NC1=O,20.5,0.4196028187059577
[As]#[In],-16.2,0.18449711723254325
COC(=O)N(C(=O)N1CO[C@]2(CC3=C(C=CC(Cl)=C3)C2=N1)C(=O)OC)C4=CC=C(OC(F)(F)F)C=C4,37.9,0.5310698270339526
O[C@H]([C@H](CC1=CC=CC=C1)NC(=O)C2=CC3=CC(Cl)=CC=C3N2)C(=O)N4C[C@H](O)[C@H](O)C4,52.2,0.6226777706598334
[Na+].COC(=O)C1=C(C=C(I)C=C1)S(=O)(=O)[N-]C(=O)NC2=NC(OC)=NC(C)=N2,96.9,0.9090326713645099
CCC(CC1=C(I)C=C(I)C(N)=C1I)C(O)=O,102.5,0.9449071108263933
CCOP(=S)(OCC)OC1=NN(C(C)C)C(Cl)=N1,75.6,0.7725816784112748
CC1(C)[C@@H]2CC[C@@]1(C)[C@H](O)C2,-7.8,0.23830877642536835
CC(=O)O[C@H]1C[C@@H]2CC[C@@]1(C)C2(C)C,12.6,0.3689942344650865
O([C@H]1[C@]2(C(C(C1)CC2)(C)C)C)C(=O)CC,10.6,0.356181934657271
COC1=CC(C=CC)=CC=C1O,88.8,0.8571428571428571
NNC(=O)C1=CC=NC=C1,76.8,0.7802690582959642
CC(C)CCCCCCCCCCCCCCC(=O)O,103.9,0.9538757206918642
CC(C)CCCCCOC(=O)C=C,19.9,0.4157591287636131
CC(C)OC(C)=O,11.2,0.3600256245996156
CC(C)OC=O,13.0,0.3715566944266496
CCCCCCCCCCCCCC(=O)OC(C)C,7.8,0.3382447149263293
CC(C)C1=CC=C(C)C(O)=C1,80.5,0.8039718129404229
CCC(C)(CC)C1=NOC(NC(=O)C2=C(OC)C=CC=C2OC)=C1,79.6,0.7982062780269058
CO/N=C(/C(=O)OC)\C1=C(COC2=C(C)C=CC=C2)C=CC=C1,94.0,0.8904548366431775
O[C@H]([C@@H](O)C(O)=O)C(O)=O,19.0,0.4099935938500961
CCOC(=O)C(C)OC(=O)C1=C(C=CC(OC2=C(Cl)C=C(C=C2)C(F)(F)F)=C1)[N+]([O-])=O,51.8,0.6201153106982703
[C@H]1(O[C@@H]2O[C@H](CO)[C@H](O)[C@H](O)[C@H]2O)[C@H](O)[C@@H](O)[C@H](O)O[C@@H]1CO,7.2,0.3344010249839846
CC1(C)[C@H](/C=C(\Cl)/C(F)(F)F)[C@@H]1C(=O)O[C@@H](C#N)C2=CC(OC3=CC=CC=C3)=CC=C2,57.4,0.6559897501601537
CC(C)=CCC[C@](C)(O)[C@H]1CCC(C)=CC1,41.0,0.5509288917360666
C12CC[C@@](O)(C#C)[C@@]1(CC)CCC3C4CCC(=O)C=C4CCC23,18.0,0.40358744394618834
CC(C)=CCCC(C)(O)C=C,13.0,0.3715566944266496
CC(C)=CCCC(C)(OC(C)=O)C=C,15.4,0.3869314541960282
CCCCC/C=C\C/C=C\CCCCCCCC(O)=O,74.5,0.7655349135169763
CON(C)C(=O)NC1=CC=C(Cl)C(Cl)=C1,60.2,0.6739269698910955
CC1=CC(O)=CC=C1,30.6,0.484304932735426
CC1=CC(C)=CC=C1,34.2,0.507367072389494
[Mg+2].[O-]C(=O)C1=CC=CC=C1.[O-]C(=O)C1=CC=CC=C1,25.0,0.4484304932735426
CCOC(=O)CC(SP(=S)(OC)OC)C(=O)OCC,75.0,0.7687379884689302
OC(=O)/C=C\C(O)=O,11.5,0.36194746957078794
O=C1NNC(=O)C=C1,11.9,0.36450992953235106
OC(CC(O)=O)C(O)=O,-18.7,0.16848174247277387
C(CNC(=S)[S-])NC(=S)[S-].C(CNC(=S)[S-])NC(=S)[S-].[Mn+2].[ZnH2+2],64.1,0.6989109545163357
[Mn+2].[S-]C(=S)NCCNC([S-])=S,37.4,0.5278667520819987
CCCCC(CC)COC(=O)C1=CC=CC=C1C(O)=O,99.0,0.9224855861627163
CC(C)OC1=CC=CC(NC(=O)C2=C(C)C=CC=C2)=C1,59.8,0.6713645099295323
CC[C@@H]([C@@H](CC)C1=CC=C(O)C=C1)C2=CC=C(O)C=C2,102.0,0.9417040358744395
CS(=O)(=O)C1=CC(=C(C=C1)C(=O)C2C(=O)CCCC2=O)[N+]([O-])=O,75.8,0.7738629083920563
COCC(=O)N(C(C)C(=O)OC)C1=C(C)C=CC=C1C,19.9,0.4157591287636131
CC1(C)CCC(CC2=CC=C(Cl)C=C2)C1(O)CN3C=NC=N3,31.7,0.4913516976297245
CC(=C)C(N)=O,9.2,0.3472133247918001
CC(=C)C#N,3.5,0.31069827033952596
Cl.CCC(=O)C(CC(C)N(C)C)(C1=CC=CC=C1)C2=CC=CC=C2,-4.6,0.2588084561178732
COP(N)(=O)SC,17.4,0.39974375400384365
N12C(N3C(N(C(N(C1([H])[H])C3([H])[H])([H])[H])C2([H])[H])([H])[H])([H])[H],21.7,0.427290198590647
COC1=NN(CSP(=S)(OC)OC)C(=O)S1,73.9,0.7616912235746317
CN1C=CNC1=S,60.3,0.6745675848814863
CNC(=O)ON=C(C)SC,19.4,0.41255605381165916
COC1=CC=C(C=C1)C(C2=CC=C(OC)C=C2)C(Cl)(Cl)Cl,23.8,0.4407431133888533
COC1=CC=CC(C(=O)NN(C(=O)C2=CC(C)=CC(C)=C2)C(C)(C)C)=C1C,86.0,0.8392056374119155
COC(=O)C1=C(O)C(C)=C(O)C=C1C,96.9,0.9090326713645099
CCCCCCCCCC(=O)OC,20.2,0.4176809737347854
CCCCCC1C(CC(=O)OC)CCC1=O,20.9,0.42216527866752085
CCCCCCCCCCCC(=O)OC,32.1,0.49391415759128765
CCCCCCCC(=O)OC,15.7,0.3888532991672005
COP(=S)(OC)OC1=CC=C(C=C1)[N+]([O-])=O,92.6,0.8814862267777066
CN(C)C1=CC=C(C=C1)/N=N/C2=C(C=CC=C2)C(O)=O,109.1,0.9871877001921845
COC(=O)C1=C(O)C=CC=C1,33.2,0.5009609224855862
CC(=O)C=CC1=CC=CC=C1,27.3,0.46316463805253044
[Cl-].CN(C)C1=CC2=[S+]C3=C(C=CC(=C3)N(C)C)N=C2C=C1,49.3,0.604099935938501
COC1=CC=C(CC=C)C=C1OC,59.5,0.66944266495836
CCC(=O)C=CC1C(=CCCC1(C)C)C,49.8,0.6073030108904549
COC(=O)C1=CC=C(O)C=C1,51.5,0.618193465727098
CSC1=NN=C(C(=O)N1N)C(C)(C)C,10.7,0.35682254964766175
ClC12C3(Cl)C4(Cl)C5(Cl)C(Cl)(C1(Cl)C4(Cl)Cl)C2(Cl)C(Cl)(Cl)C35Cl,17.6,0.40102498398462527
[Na+].[Na+].CCCCC1=NC2=C(C=C1)[C@@H]([C@H]([C@@H]2C3=CC=C(OC)C=C3C[C@H](C)C([O-])=O)C([O-])=O)C4=CC5=C(OCO5)C=C4,69.3,0.732222934016656
CCN1N=C(CC2=CC=CC=C2)C=C1C3CCN(C[C@H]4C[C@@H](C[C@@H]4C5=CC=CC(F)=C5)N(C)[C@H](C(C)C)C(O)=O)CC3,9.6,0.34977578475336324
OC(=O)CCC([O-])=O.CO[C@@H]1COCC[C@@H]1[NH2+][C@@H]2CC[C@](C2)(C(C)C)C(=O)N3CCC4=C(C3)C=C(C=N4)C(F)(F)F,20.9,0.42216527866752085
CCSC(=O)N1CCCCCC1,11.8,0.3638693145419603
ClC(Cl)C(=O)N1CCOC12CCCCC2,10.5,0.3555413196668802
CNC(=O)/C=C(\C)/OP(=O)(OC)OC,8.0,0.33952594490711085
COC(=O)C1=C(C=CC=C1)C(O)=O,16.0,0.39077514413837283
[K+].OC(=O)C1=C(C=CC=C1)C([O-])=O,84.3,0.8283151825752723
CCCCCCCCCCCCCOP(O)(O)=O,104.9,0.960281870595772
CN(C)C(=O)NC1=CC=C(Cl)C=C1,12.9,0.3709160794362588
C1COCCN1,-2.4,0.27290198590647025
CCC(=O)NC1=CC=C(Cl)C(Cl)=C1,58.0,0.6598334401024983
FC(C(F)(F)F)C(F)(F)OC1=CC(Cl)=C(NC(=O)NC(=O)C2=C(F)C=CC=C2F)C=C1Cl,86.4,0.8417680973734786
CCCCNS(=O)(=O)C1=CC=CC=C1,17.8,0.4023062139654068
CCCCCCCCCCCC(=O)N(C)CC(O)=O,85.9,0.8385650224215248
CCNS(=O)(=O)C(F)(F)C(F)(F)C(F)(F)C(F)(F)C(F)(F)C(F)(F)C(F)(F)C(F)(F)F,94.7,0.8949391415759129
CN1CCCC1=O,7.9,0.33888532991672005
CNC(C)=O,20.5,0.4196028187059577
CN(N=O)C(N)=O,0.8,0.293401665598975
CCCN(CCC)N=O,8.9,0.3452914798206278
CCN(CC)N=O,7.3,0.3350416399743754
CN(C)N=O,-12.8,0.20627802690582958
O=NN(C1=CC=CC=C1)C2=CC=CC=C2,86.7,0.8436899423446509
NC1=CC=C(NC2=CC=CC=C2)C=C1,90.1,0.8654708520179372
CCN(CC)CCO,12.7,0.36963484945547725
CCCCCCCCCC[N+](C)(C)[O-],9.3,0.3478539397821909
CCCCCCCC(=O)N(C)C,13.0,0.3715566944266496
ClC(Cl)(Cl)C(NC=O)N1CCN(CC1)C(NC=O)C(Cl)(Cl)Cl,-4.8,0.2575272261370916
CCCCNC(=S)NCCCC,20.0,0.41639974375400385
CCNC(=S)NCC,5.4,0.32286995515695066
C=CC(=O)NCNC(=O)C=C,50.3,0.6105060858424087
C1=CC2=CC=CC=C2C=C1,34.8,0.5112107623318385
COC1=CC(OC)=C(C=C1)S(=O)(=O)N2C(=O)[C@@](N3C[C@H](O)C[C@H]3C(=O)N(C)C)(C4=CC(Cl)=CC=C24)C5=CC=CC=C5OC,21.8,0.4279308135810378
OC(=O)C(CCC(C)C)(CC)C,38.0,0.5317104420243434
CC(C)=CCCC(C)=CCCC(C)(O)C=C,75.4,0.7713004484304933
COC1=CC(OC)=NC(NC(=O)NS(=O)(=O)C2=NC=CC=C2C(=O)N(C)C)=N1,17.7,0.401665598975016
OC(=O)C1=CC=CN=C1,9.9,0.35169762972453555
ClC1=CC=CC(=N1)C(Cl)(Cl)Cl,76.0,0.7751441383728379
OC(=O)CN(CC(O)=O)CC(O)=O,2.5,0.3042921204356182
[O-][N+](=O)C1=CC=CC=C1,56.1,0.6476617552850736
[O-][N+](=O)C1=CC=C(OC2=C(Cl)C=C(Cl)C=C2)C=C1,68.4,0.7264573991031391
CCCCCCCCC,3.2,0.30877642536835365
OC(=O)CCCCCCCC(O)=O,20.8,0.42152466367713004
CCCCCCCCC(O)=O,94.0,0.8904548366431775
CC(CC1=CC(O)=C(O)C=C1)C(C)CC2=CC=C(O)C(O)=C2,108.6,0.9839846252402306
C12CC[C@@](O)(C#C)[C@@]1(C)CCC3C4CCC(=O)C=C4CCC23,15.8,0.38949391415759127
CNC1=C(Cl)C(=O)N(N=C1)C2=CC=CC(=C2)C(F)(F)F,48.0,0.5957719410634209
CC1=CC=CC=C1N=NC2=CC(C)=C(N)C=C2,111.0,0.9993593850096092
CC1=C(O)C=CC=C1,47.4,0.5919282511210762
ClC1=CC=C(C=C1)C(C2=CC=CC=C2Cl)C(Cl)(Cl)Cl,22.5,0.43241511851377323
CCCCCCCCOC1=CC(O)=C(C=C1)C(=O)C2=CC=CC=C2,92.7,0.8821268417680974
C[Si]1(C)O[Si](C)(C)O[Si](C)(C)O[Si](C)(C)O1,-1.3,0.27994875080076875
CCCCCCCC=O,-4.9,0.25688661114670086
CCCCCCCC(O)=O,80.5,0.8039718129404229
CCCCCCCCN1SC=CC1=O,40.3,0.5464445868033312
CC(C)(C)CC(C)(C)C1=CC(N2N=C3C=CC=CC3=N2)=C(O)C=C1,49.2,0.6034593209481103
CCCCCCCCOC(C)=O,15.0,0.3843689942344651
CCCCCCCCCCOC(=O)C1=C(C=CC=C1)C(=O)OCCCCCCCC,28.0,0.4676489429852658
CCCCCCCCOC(=O)C1=CC=C(O)C=C1,96.7,0.9077514413837284
CCCCCCCC/C=C\CCCCCCCC(O)=O,98.2,0.91736066623959
OC(=O)C(O)=O,18.5,0.4067905188981422
CNC(=O)ON=C(SC)C(=O)N(C)C,23.9,0.4413837283792441
OC1N=C(C2=CC=CC=C2)C3=CC(Cl)=CC=C3NC1=O,23.5,0.438821268417681
CCOC1=CC(OC2=CC=C(C=C2Cl)C(F)(F)F)=CC=C1[N+]([O-])=O,59.8,0.6713645099295323
ClC(Cl)C(C1=CC=C(Cl)C=C1)C2=CC=C(Cl)C=C2,19.9,0.4157591287636131
ClC(=C(C1=CC=C(Cl)C=C1)C2=CC=C(Cl)C=C2)Cl,23.8,0.4407431133888533
CC(C)(C)[C@@H](O)[C@@H](CC1=CC=C(Cl)C=C1)N2C=NC=N2,30.4,0.48302370275464446
CCOP(=O)(OCC)OC1=CC=C(C=C1)[N+]([O-])=O,98.8,0.9212043561819346
CCOP(=S)(OCC)OC1=CC=C(C=C1)[N+]([O-])=O,84.1,0.8270339525944906
CCC(CC)NC1=C(C=C(C)C(C)=C1[N+]([O-])=O)[N+]([O-])=O,105.0,0.9609224855861628
COC1=CN=C(OC)N2N=C(NS(=O)(=O)C3=C(C=CC=C3OCC(F)F)C(F)(F)F)N=C12,26.5,0.45803971812940425
[O-][N+](=O)C1=C(Cl)C(Cl)=C(Cl)C(Cl)=C1Cl,69.7,0.7347853939782192
CCCCCCCCCCCCCCC,4.7,0.3183856502242153
[O-][N+](=O)OCC(CO[N+]([O-])=O)(CO[N+]([O-])=O)CO[N+]([O-])=O,-0.8,0.28315182575272263
CCCCC=O,1.2,0.29596412556053814
O=C(OCCCCCOC(=O)C1=CC=CC=C1)C2=CC=CC=C2,16.3,0.3926969891095452
CCCCC(O)=O,26.3,0.4567584881486227
CCCCCOC(C)=O,38.3,0.5336322869955157
CC1CCC2(CC1)C(CO2)C.CC1CCC(C(C1)O)C(C)C.CC1CCC(C(C1)OC(=O)C)C(C)C.CC1CCC(C(=O)C1)C(C)C.CC1CCC2=C(C1)OC=C2C.CC1CCC(=C(C)C)C(=O)C1,37.8,0.5304292120435619
OC(=O)C(F)(F)C(F)(F)C(F)(F)C(F)(F)C(F)(F)C(F)(F)C(F)(F)C(F)(F)C(F)(F)F,102.9,0.9474695707879565
OC(=O)C(F)(F)C(F)(F)C(F)(F)C(F)(F)C(F)(F)C(F)(F)F,102.2,0.942985265855221
OC(=O)C(F)(F)C(F)(F)C(F)(F)C(F)(F)C(F)(F)F,96.4,0.9058295964125561
OC(=O)C(F)(F)C(F)(F)C(F)(F)C(F)(F)C(F)(F)C(F)(F)C(F)(F)C(F)(F)F,104.7,0.9590006406149905
NS(=O)(=O)C(F)(F)C(F)(F)C(F)(F)C(F)(F)C(F)(F)C(F)(F)C(F)(F)C(F)(F)F,103.1,0.948750800768738
OS(=O)(=O)C(F)(F)C(F)(F)C(F)(F)C(F)(F)C(F)(F)C(F)(F)C(F)(F)C(F)(F)F,104.9,0.960281870595772
OC(=O)C(F)(F)C(F)(F)C(F)(F)C(F)(F)C(F)(F)C(F)(F)C(F)(F)F,103.5,0.9513132607303011
OC(=O)C(F)(F)C(F)(F)C(F)(F)C(F)(F)C(F)(F)C(F)(F)C(F)(F)C(F)(F)C(F)(F)C(F)(F)F,101.4,0.9378603459320949
CC1(C)C(C=C(Cl)Cl)C1C(=O)OCC2=CC(OC3=CC=CC=C3)=CC=C2,30.4,0.48302370275464446
[Na+].COC1=CC=C(/C=C/S(=O)(=O)[N-]C(=O)C2=CC=C(C)C=C2Cl)C=C1,88.8,0.8571428571428571
COC(=O)NC1=CC(OC(=O)NC2=CC=CC(C)=C2)=CC=C1,40.7,0.5490070467648943
[Na+].O=C1NC([O-])=NC(=O)C1(CC)C2=CC=CC=C2,7.1,0.33376040999359385
OC1=CC=CC=C1,11.1,0.35938500960922487
OC1=CC=C(C=C1)C2(OS(=O)(=O)C3=C2C=CC=C3)C4=CC=C(O)C=C4,103.1,0.948750800768738
OC1=CC=C(C=C1)C2(OC(=O)C3=C2C=CC=C3)C4=CC=C(O)C=C4,100.2,0.9301729660474055
OC(=O)C1=C(C=CC=C1)C(C2=CC=C(O)C=C2)C3=CC=C(O)C=C3,97.3,0.9115951313260731
S(O)(=O)(=O)C=1C(O)=CC=CC1,19.1,0.4106342088404869
ClP(Cl)C1=CC=CC=C1,11.2,0.3600256245996156
OC1=C(C=CC=C1)C(=O)OC2=CC=CC=C2,96.0,0.903267136450993
O=CCC1=CC=CC=C1,55.8,0.6457399103139013
CC(=O)O[Hg]C1=CC=CC=C1,4.2,0.3151825752722614
OC1=CC=C(C=C1)C(=O)OC2=CC=CC=C2,105.3,0.962844330557335
CCOP(=S)(OCC)SCSCC,79.7,0.7988468930172966
CCOP(=S)(OCC)SCN1C(=O)OC2=CC(Cl)=CC=C12,40.2,0.5458039718129404
COP(=S)(OC)SCN1C(=O)C2=C(C=CC=C2)C1=O,55.7,0.6450992953235106
OP(O)(O)=O,14.6,0.381806534272902
CCOP(=S)(OCC)ON=C(C#N)C1=CC=CC=C1,99.2,0.9237668161434978
O=C1NC(=O)C2=C1C=CC=C2,15.9,0.3901345291479821
NC1=C(Cl)C(Cl)=NC(C(O)=O)=C1Cl,55.1,0.641255605381166
Cl.S1C(CC2=CC=C(OCCC3=NC=C(CC)C=C3)C=C2)C(=O)NC1=O,88.7,0.8565022421524664
CS(=O)(=O)C1=CC=C(C=C1Cl)[C@@H](C[C@H]2CCC(=O)C2)C(=O)NC3=NC=CN=C3,8.9,0.3452914798206278
CN(C)C(=O)OC1=C(C)C(C)=NC(=N1)N(C)C,23.3,0.4375400384368994
O1C(C1)C.O1CC1,13.7,0.376040999359385
CCCCCCCC/C=C\CCCCCCCC(=O)OCCO,53.8,0.6329276105060858
[Si](=O)(C)C,77.8,0.7866752081998718
O(C(CO)C)CC(O)C,8.9,0.3452914798206278
[K+].[O-]Cl(=O)=O,4.8,0.31902626521460603
[K+].[O-]S(=O)(=O)C(F)(F)C(F)(F)C(F)(F)C(F)(F)F,99.4,0.9250480461242794
[K+].[O-]S(=O)(=O)C(F)(F)C(F)(F)C(F)(F)C(F)(F)C(F)(F)C(F)(F)F,102.4,0.9442664958360026
[K+].[O-]S(=O)(=O)C(F)(F)C(F)(F)C(F)(F)C(F)(F)C(F)(F)C(F)(F)C(F)(F)C(F)(F)F,104.3,0.9564381806534272
[Na+].CC[C@H](C)C(=O)O[C@H]1C[C@H](O)C=C2C=C[C@H](C)[C@H](CC[C@@H](O)C[C@@H](O)CC([O-])=O)[C@@H]12,1.1,0.29532351057014733
C12C[C@@H](C#N)[C@H](C(C)=O)[C@@]1(C)CCC3C2CC=C4C[C@@H](O)CC[C@]34C,-24.9,0.1287636130685458
CC12CC1(C)C(=O)N(C2=O)C3=CC(Cl)=CC(Cl)=C3,54.3,0.6361306854580397
CCCSP(=O)(OCC)OC1=C(Cl)C=C(Br)C=C1,97.1,0.9103139013452914
C12CC[C@H](C(C)=O)[C@@]1(C)CCC3C2CCC4=CC(=O)CC[C@]34C,16.5,0.3939782190903267
Cl.CCCOC(=O)NCCCN(C)C,19.7,0.41447789878283153
CC(C)(C)C1=CC=C(OC2CCCCC2OS(=O)OCC#C)C=C1,50.1,0.6092248558616271
CCNP(=S)(OC)O/C(/C)=C/C(=O)OC(C)C,74.6,0.766175528507367
CC(C)C1=CC=CC(C(C)C)=C1O,65.9,0.7104420243433697
CNC(=O)OC1=CC=CC=C1OC(C)C,15.2,0.38565022421524664
CC1COC(=O)O1,11.4,0.3613068545803972
CCCOC(=O)C1=CC=C(O)C=C1,96.8,0.9083920563741191
CC(C)(NC(=O)C1=CC(Cl)=CC(Cl)=C1)C#C,64.8,0.7033952594490711
CC1=NNC(=O)N(C1)/N=C/C2=CC=CN=C2,3.1,0.30813581037796284
OC(=O)C1=NN(C(=O)C1)C2=CC=C(C=C2)S(O)(=O)=O,36.9,0.5246636771300448
CCC1=NC(N)=NC(N)=C1C2=CC=C(Cl)C=C2,43.6,0.5675848814862268
CC(COC1=CC=C(OC2=CC=CC=C2)C=C1)OC3=NC=CC=C3,44.7,0.5746316463805253
[Na+].COC1=CC(OC)=NC(SC2=C(C([O-])=O)C(Cl)=CC=C2)=N1,66.3,0.7130044843049328
OC(=O)C1=C(Cl)C=CC2=CC(Cl)=CN=C12,18.7,0.4080717488789238
C1=CC2=C(C=C1)N=CC=C2,34.3,0.5080076873798847
CC(=C)[C@@H]1CC=C(C)C(=O)C1,24.0,0.44202434336963486
Cl.O1C=2C(=C(C3=C1C=C(NCC)C(=C3)C)C=4C(=CC=CC4)C(OCC)=O)C=C(\C(=N\CC)\C2)C,91.8,0.8763613068545804
O=C(CCCCCCCCC1=CN=CC=C1)N2CCC(CC2)C=C(C3=CC=CC=C3)C4=CC=CC=C4,-38.3,0.04292120435618196
CN1C(COC(N)=O)=NC=C1[N+]([O-])=O,9.7,0.350416399743754
CC(C)NC1=NC(Cl)=NC(N)=N1,15.8,0.38949391415759127
OC(=O)C1=C(O)C=CC=C1,55.9,0.6463805253042921
Cl.CCOC(=O)C1=CC=C(C=C1)[C@H]2CC[C@@H](CC2)NC[C@H](O)COC3=CC=C(O)C(NS(C)(=O)=O)=C3,61.4,0.6816143497757847
Cl.CC1=NC(=NO1)C2=CC3=C(CCN(CCC4CCC(CC4)NC(=O)/C=C/C5=CC=C(F)C=C5)CC3)C=C2,-24.0,0.13452914798206278
S(C(CC1CC(O)=C(C(=O)C1)\C(=N\OCC)\CCC)C)CC,55.5,0.643818065342729
S=C1N([O-])C=CC=C1.[Na+],3.5,0.31069827033952596
[Na+].CC(C)COC(=O)CC(C(=O)OCC(C)C)S([O-])(=O)=O,66.3,0.7130044843049328
[Na+].[S-]C1=NC2=CC=CC=C2S1,96.3,0.9051889814221653
[Na+].CC1=CC=CC=C1S([O-])(=O)=O,10.8,0.35746316463805256
[Na+].CC1=CC=C(C)C(=C1)S([O-])(=O)=O,34.7,0.5105701473414478
CC1=CC=C(S(=O)(=O)[O-])C=C1.[Na+],16.6,0.3946188340807175
[Na+].CCCCCCCCC1=CC=C(C=C1)S([O-])(=O)=O,101.3,0.9372197309417041
[Na+].[N-]=[N+]=[N-],6.3,0.32863549007046766
[Na+].[O-]Cl=O,6.0,0.32671364509929535
[Na+].[O-]C(=O)CCl,9.3,0.3478539397821909
[Na+].CCCCCCCCCCOS([O-])(=O)=O,98.9,0.9218449711723254
[Na+].O1C(=CC(=O)/C(=C(/[O-])\C)/C1=O)C,41.7,0.5554131966688021
ClN1C(=O)N(Cl)C(=O)N=C1[O-].[Na+],13.8,0.3766816143497758
ClN1C(=O)N(Cl)C(=O)N=C1[O-].[Na+].O.O,15.9,0.3901345291479821
[Na+].CN(C)C([S-])=S,50.3,0.6105060858424087
[Na+].CCCCCCCCCCCCOS([O-])(=O)=O,102.3,0.9436258808456118
S([O-])(=O)(=O)C=1C(CCCCCCCCCCCC)=CC=CC1.[Na+],102.5,0.9449071108263933
[Na+].CCCCC(CC)COS([O-])(=O)=O,81.3,0.809096732863549
[Na+].[O-]C(=O)CF,8.1,0.3401665598975016
[Na+].CCCCCCCCCCCCCCCCOS([O-])(=O)=O,78.0,0.7879564381806534
[Na+].[I-],9.5,0.34913516976297243
[Na+].CC1=CC=C(C(C)=C1)S([O-])(=O)=O,27.8,0.4663677130044843
[Na+].CC(=C)C([O-])=O,2.4,0.3036515054452274
[Na+].COS([O-])(=O)=O,11.3,0.36066623959000643
[Na+].CCCCCCCCCCCCCCOS([O-])(=O)=O,98.8,0.9212043561819346
[Na+].F[B-](F)(F)F,8.5,0.34272901985906473
[Na+].[O-]C(=O)C(Cl)(Cl)Cl,0.3,0.29019859064702114
[Na+].CCCCCCCCCCCCCOS([O-])(=O)=O,104.5,0.9577194106342088
S([O-])(=O)(=O)C1=CC(=C(C=C1)C)C.[Na+],19.4,0.41255605381165916
CCC(C)(C)C(=O)OC1=C(C(=O)OC12CCCCC2)C3=CC=C(Cl)C=C3Cl,42.6,0.5611787315823191
C12CC[C@@]3(CCC(=O)O3)[C@@]1(C)CCC4C2[C@@H](CC5=CC(=O)CC[C@]45C)SC(C)=O,-5.9,0.2504804612427931
CCCN(CC)CC1COC2(CCC(CC2)C(C)(C)C)O1,16.4,0.39333760409993596
C1CN2CCC1C(C2)C(C3=CC=CC=C3)NC(=O)C4=C(C=CC(=C4Cl)C(F)(F)F)Cl.Cl,-45.0,0.0
ClC1=C(C(=O)N[C@H]([C@H]2NCCCC2)C3=CC=CC=C3)C=CC=C1C(F)(F)F,4.4,0.3164638052530429
COC1=CC2=C(C(=O)N(COC3=CC(=O)N4C=CC=C(OCCN5CCCCC5)C4=N3)S2(=O)=O)C(=C1)C(C)C,22.0,0.42921204356181936
OCC(O)C1=CC=CC=C1,8.5,0.34272901985906473
OC[C@H]1O[C@@](CO)(O[C@H]2O[C@H](CO)[C@@H](O)[C@H](O)[C@H]2O)[C@@H](O)[C@@H]1O,8.1,0.3401665598975016
NS(O)(=O)=O,47.5,0.592568866111467
OC(=O)CC(C(O)=O)S(O)(=O)=O,5.8,0.3254324151185138
COC1=C(C=C(C(=O)C2=CC=CC=C2)C(O)=C1)S(O)(=O)=O,81.2,0.8084561178731583
ClN1C(=O)N(Cl)C(=O)N(Cl)C1=O,27.1,0.4618834080717489
C1=C(C=C(C(=C1O)O)O)C(=O)OC2=CC(=CC(=C2O)O)C(=O)OCC3C(C(C(C(O3)OC(=O)C4=CC(=C(C(=C4)OC(=O)C5=CC(=C(C(=C5)O)O)O)O)O)OC(=O)C6=CC(=C(C(=C6)OC(=O)C7=CC(=C(C(=C7)O)O)O)O)O)OC(=O)C8=CC(=C(C(=C8)OC(=O)C9=CC(=C(C(=C9)O)O)O)O)O)OC(=O)C%10=CC(=C(C(=C%10)OC(=O)C%11=CC(=C(C(=C%11)O)O)O)O)O,94.0,0.8904548366431775
CC(C)(C)C(O)(CCC1=CC=C(Cl)C=C1)CN2C=NC=N2,25.5,0.4516335682254965
CCC1=NN(C)C(C(=O)NCC2=CC=C(C=C2)C(C)(C)C)=C1Cl,24.5,0.44522741832158874
COP(=S)(OC)OC1=CC=C(SC2=CC=C(OP(=S)(OC)OC)C=C2)C=C1,101.6,0.9391415759128763
CCC(=NOC/C=C/Cl)C1=C(O)CC(CC1=O)C2CCOCC2,12.4,0.36771300448430494
CC1=C(Cl)C(=O)N(C(=O)N1)C(C)(C)C,14.6,0.381806534272902
CCOP(=S)(OCC)SCSC(C)(C)C,75.3,0.7706598334401025
CCNC1=NC(NC(C)(C)C)=NC(Cl)=N1,61.0,0.6790518898142217
CC1=CCC(CC1)C(C)(C)O,3.6,0.3113388853299167
CC(C)=C1CCC(C)=CC1,19.0,0.4099935938500961
CCC(=O)OC(C)(C)C1CCC(C)=CC1,11.6,0.36258808456117875
CC(=O)OC(C)(C)C,-0.7,0.2837924407431134
CC(C)(C)OOC(=O)C1=CC=CC=C1,21.4,0.42536835361947467
CC(C)(C)N,9.9,0.35169762972453555
CC(C)(C)C1=CC=CC=C1,-1.2,0.2805893657911595
CCCCCCC(C)(C)S,11.2,0.3600256245996156
CCC(=O)O[C@H]1CC[C@H]2[C@@H]3CCC4=CC(=O)CC[C@]4(C)[C@H]3CC[C@]12C,31.3,0.48878923766816146
OC(=O)CC1=CC(I)=C(OC2=CC(I)=C(O)C(I)=C2)C(I)=C1,105.0,0.9609224855861628
FC(F)C(F)(F)OCC(CN1C=NC=N1)C2=C(Cl)C=C(Cl)C=C2,72.3,0.7514413837283792
CCN(CC)C(=S)SSC(=S)N(CC)CC,55.2,0.6418962203715568
OCC1CCCO1,7.8,0.3382447149263293
C1CCC2=C(C1)C=CC=C2,8.9,0.3452914798206278
CC(C)=CC1C(C(=O)OCN2C(=O)C3=C(CCCC3)C2=O)C1(C)C,28.1,0.46828955797565663
CCCO[Si](OCCC)(OCCC)OCCC,10.3,0.3542600896860987
O=C1N(C2CCC(=O)NC2=O)C(=O)C3=CC=CC=C13,-9.0,0.23062139654067906
CN1C2=C(NC=N2)C(=O)N(C)C1=O,9.4,0.3484945547725817
N1C2=C(C=CC=C2)N=C1C3=CSC=N3,21.8,0.4279308135810378
CN1COCN(CC2=CN=C(Cl)S2)C1=N[N+]([O-])=O,1.0,0.2946828955797566
COC(=O)C1=C(CC(C)C)C(C2=NCCS2)=C(N=C1C(F)F)C(F)(F)F,26.2,0.45611787315823193
O=C(NC1=CN=NS1)NC2=CC=CC=C2,46.3,0.5848814862267777
CCN(CC)C(=O)SCC1=CC=C(Cl)C=C1,40.6,0.5483664317745036
NNC(=S)NN,34.1,0.5067264573991032
CSC(C)=NOC(=O)N(C)SN(C)C(=O)ON=C(C)SC,67.1,0.7181294042280589
CCOC(=O)NC(=S)NC1=C(NC(=S)NC(=O)OCC)C=CC=C1,36.9,0.5246636771300448
COC(=O)NC(=S)NC1=C(NC(=S)NC(=O)OC)C=CC=C1,48.3,0.5976937860345932
CC1=C(OCCCC(O)=O)C=CC(Cl)=C1,99.3,0.9244074311338886
CC(C)C1=CC=C(C)C=C1O,59.3,0.6681614349775784
OC(=O)CC1=CC(I)=C(OC2=CC(I)=C(O)C=C2)C(I)=C1,105.0,0.9609224855861628
CC1=CC=C(C=C1)S(=O)(=O)NC(=O)NN2CCCCCC2,12.8,0.37027546444586806
N=1NN=C2C1C(=CC=C2)C,44.2,0.5714285714285714
CC1CC(C)(C)C2=C(C=C(C)C(=C2)C(C)=O)C1(C)C,29.1,0.4746957078795644
S(=O)(=O)(C1=C(C(=C(C=C1)C(=O)C=2C(=O)N(NC2)C)C)C3=NOCC3)C,7.5,0.336322869955157
NC(=O)CN1C(=O)C=C(CCN2CCN(CC2)C3=NC=CC4=C3C=CS4)C5=C1C=C(F)C=C5,-4.2,0.26137091607943624
CCCCCCCCOC(=O)C1=CC=C(C(=O)OCCCCCCCC)C(=C1)C(=O)OCCCCCCCC,3.3,0.3094170403587444
CC(=O)OCC(COC(C)=O)OC(C)=O,4.2,0.3151825752722614
CC(C)(C)C(=O)C(OC1=CC=C(Cl)C=C1)N2C=NC=N2,4.7,0.3183856502242153
CC(C)(C)C(O)C(OC1=CC=C(Cl)C=C1)N2C=NC=N2,10.4,0.35490070467648943
C12C[C@@H](O)[C@](O)(C(=O)CO)[C@@]1(C)C[C@H](O)[C@@]3(F)C2CCC4=CC(=O)C=C[C@]34C,2.0,0.30108904548366433
CCCCSP(=O)(SCCCC)SCCCC,51.2,0.6162716207559258
CCCCOP(=O)(OCCCC)OCCCC,1.5,0.29788597053171045
CCCCN(CCCC)CCCC,38.5,0.5349135169762973
COP(=O)(OC)C(O)C(Cl)(Cl)Cl,20.8,0.42152466367713004
OC(=O)C(Cl)(Cl)Cl,-0.9,0.2825112107623318
OC(=O)COC1=C(Cl)C=C(Cl)C(Cl)=N1,93.9,0.8898142216527867
OC1=C(OC2=CC=C(Cl)C=C2Cl)C=CC(Cl)=C1,106.0,0.9673286354900705
OCCN(CCO)CCO,5.9,0.32607303010890454
CCOC(=O)CC(O)(CC(=O)OCC)C(=O)OCC,14.7,0.38244714926329276
CCOP(=O)(OCC)OCC,6.6,0.33055733504164
OCCOCCOCCO,6.3,0.32863549007046766
CCCCC(CC)C(=O)OCCOCCOCCOC(=O)C(CC)CCCC,7.4,0.33568225496476617
CC(=O)OCCOCCOCCOC(C)=O,12.6,0.3689942344650865
CO/N=C(/C(=O)OC)\C1=CC=CC=C1CO/N=C(\C)/C2=CC(=CC=C2)C(F)(F)F,65.4,0.7072389493914157
[Na+].COC1=CC(OC)=NC(NC(=O)[N-]S(=O)(=O)C2=NC=CC=C2OCC(F)(F)F)=N1,30.5,0.48366431774503527
CCCOC/C(=N\C1=C(C=C(Cl)C=C1)C(F)(F)F)/N2C=CN=C2,94.9,0.8962203715566944
CCCN(CCC)C1=C(C=C(C=C1[N+]([O-])=O)C(F)(F)F)[N+]([O-])=O,89.2,0.8597053171044202
CC(C)CCCCCCCOC(=O)C1=CC(=C(C=C1)C(=O)OCCCCCCCC(C)C)C(=O)OCCCCCCCC(C)C,43.0,0.5637411915438821
CC(C)CCCCCCOC(=O)C1=CC(=C(C=C1)C(=O)OCCCCCCC(C)C)C(=O)OCCCCCCC(C)C,3.2,0.30877642536835365
CO[Si](OC)(OC)C1=CC=CC=C1,23.4,0.4381806534272902
CCC[Si](OC)(OC)OC,13.5,0.37475976937860345
COP(=O)(OC)OC,3.9,0.31326073030108903
CN(C)C,1.6,0.2985265855221012
CCOC(=O)C1CC(=O)C(=C(O)C2CC2)C(=O)C1,14.8,0.3830877642536835
O=P(OC1=CC=CC=C1)(OC2=CC=CC=C2)OC3=CC=CC=C3,79.5,0.7975656630365151
O(P(OC1=CC=CC=C1)OC2=CC=CC=C2)C3=CC=CC=C3,26.9,0.4606021780909673
C1=CC=C(C=C1)P(C2=CC=CC=C2)C3=CC=CC=C3,17.6,0.40102498398462527
O(C(COC(CO)C)C)CC(O)C,13.4,0.3741191543882127
CC(CO)OCC(C)OCC(C)OC,96.7,0.9077514413837284
ClCC(CCl)OP(=O)(OC(CCl)CCl)OC(CCl)CCl,-4.5,0.25944907110826393
CCCCOCCOP(=O)(OCCOCCCC)OCCOCCCC,28.5,0.47085201793721976
ClCCOP(=O)(OCCCl)OCCCl,-17.6,0.17552850736707237
ClCCOP(OCCCl)OCCCl,6.1,0.3273542600896861
CC(CCl)OP(=O)(OC(C)CCl)OC(C)CCl,14.5,0.3811659192825112
BrCC(Br)COP(=O)(OCC(Br)CBr)OCC(Br)CBr,21.4,0.42536835361947467
O=C1N(CC2CO2)C(=O)N(CC3CO3)C(=O)N1CC4CO4,6.3,0.32863549007046766
P(OC=1C(=CC=CC1)C)(OC=2C(=CC=CC2)C)(OC=3C(=CC=CC3)C)=O,63.7,0.6963484945547727
CC1(C)CCC(=CC2=CC=C(Cl)C=C2)C1(O)CN3C=NC=N3,15.9,0.3901345291479821
CC1=C(O)C(C)=C2CCC(C)(COC3=CC=C(CC4SC(=O)NC4=O)C=C3)OC2=C1C,99.0,0.9224855861627163
COCC1=NN=C(N1C2=C(Cl)C(Cl)=CC3=C2NC(=O)C(=O)N3)C4=C[N+]([O-])=CC=C4,-0.8,0.28315182575272263
S(=O)(=O)(N1CCN(CC1)CC)C2=CC(=C(OCCC)C=C2)C=3NC(=O)C4=NN(C(=C4N3)CC)CC=5N=CC=CC5,18.8,0.40871236386931453
CSC1=CC=C(OC2=CC=C(C=C2CN(C)C)S(N)(=O)=O)C=C1C,15.4,0.3869314541960282
CCCCCCCCCCC,4.9,0.3196668802049968
CCOC(N)=O,26.9,0.4606021780909673
C=CN1CCCC1=O,-17.6,0.17552850736707237
COC1=C(OC)C(=CC=C1)[C@H](O)C2CCN(CCC3=CC=C(F)C=C3)CC2,-16.9,0.1800128122998078
CC(=O)CC(C1=CC=CC=C1)C2=C(O)C3=CC=CC=C3OC2=O,93.2,0.8853299167200512
C[C@H]1CCCC(=O)CCC/C=C/C2=C(C(O)=CC(O)=C2)C(=O)O1,28.1,0.46828955797565663
OC(=O)CN1C(=O)N(CC2=CC=C(Br)C=C2F)C(=O)C3=C1C=C(Cl)C=C3,59.0,0.6662395900064062
[ZnH2+2].CN(C)C([S-])=S.CN(C)C([S-])=S,29.9,0.4798206278026906
